-- MySQL dump 10.13  Distrib 8.0.42, for Linux (x86_64)
--
-- Host: localhost    Database: kmslectura
-- ------------------------------------------------------
-- Server version	8.0.42-0ubuntu0.22.04.1

/*!40101 SET @OLD_CHARACTER_SET_CLIENT=@@CHARACTER_SET_CLIENT */;
/*!40101 SET @OLD_CHARACTER_SET_RESULTS=@@CHARACTER_SET_RESULTS */;
/*!40101 SET @OLD_COLLATION_CONNECTION=@@COLLATION_CONNECTION */;
/*!50503 SET NAMES utf8mb4 */;
/*!40103 SET @OLD_TIME_ZONE=@@TIME_ZONE */;
/*!40103 SET TIME_ZONE='+00:00' */;
/*!40014 SET @OLD_UNIQUE_CHECKS=@@UNIQUE_CHECKS, UNIQUE_CHECKS=0 */;
/*!40014 SET @OLD_FOREIGN_KEY_CHECKS=@@FOREIGN_KEY_CHECKS, FOREIGN_KEY_CHECKS=0 */;
/*!40101 SET @OLD_SQL_MODE=@@SQL_MODE, SQL_MODE='NO_AUTO_VALUE_ON_ZERO' */;
/*!40111 SET @OLD_SQL_NOTES=@@SQL_NOTES, SQL_NOTES=0 */;

--
-- Table structure for table `auth_group`
--

DROP TABLE IF EXISTS `auth_group`;
/*!40101 SET @saved_cs_client     = @@character_set_client */;
/*!50503 SET character_set_client = utf8mb4 */;
CREATE TABLE `auth_group` (
  `id` int NOT NULL AUTO_INCREMENT,
  `name` varchar(150) CHARACTER SET utf8mb4 COLLATE utf8mb4_unicode_ci NOT NULL,
  PRIMARY KEY (`id`),
  UNIQUE KEY `name` (`name`)
) ENGINE=InnoDB DEFAULT CHARSET=utf8mb4 COLLATE=utf8mb4_unicode_ci;
/*!40101 SET character_set_client = @saved_cs_client */;

--
-- Dumping data for table `auth_group`
--

LOCK TABLES `auth_group` WRITE;
/*!40000 ALTER TABLE `auth_group` DISABLE KEYS */;
/*!40000 ALTER TABLE `auth_group` ENABLE KEYS */;
UNLOCK TABLES;

--
-- Table structure for table `auth_group_permissions`
--

DROP TABLE IF EXISTS `auth_group_permissions`;
/*!40101 SET @saved_cs_client     = @@character_set_client */;
/*!50503 SET character_set_client = utf8mb4 */;
CREATE TABLE `auth_group_permissions` (
  `id` bigint NOT NULL AUTO_INCREMENT,
  `group_id` int NOT NULL,
  `permission_id` int NOT NULL,
  PRIMARY KEY (`id`),
  UNIQUE KEY `auth_group_permissions_group_id_permission_id_0cd325b0_uniq` (`group_id`,`permission_id`),
  KEY `auth_group_permissio_permission_id_84c5c92e_fk_auth_perm` (`permission_id`),
  CONSTRAINT `auth_group_permissio_permission_id_84c5c92e_fk_auth_perm` FOREIGN KEY (`permission_id`) REFERENCES `auth_permission` (`id`),
  CONSTRAINT `auth_group_permissions_group_id_b120cbf9_fk_auth_group_id` FOREIGN KEY (`group_id`) REFERENCES `auth_group` (`id`)
) ENGINE=InnoDB DEFAULT CHARSET=utf8mb4 COLLATE=utf8mb4_unicode_ci;
/*!40101 SET character_set_client = @saved_cs_client */;

--
-- Dumping data for table `auth_group_permissions`
--

LOCK TABLES `auth_group_permissions` WRITE;
/*!40000 ALTER TABLE `auth_group_permissions` DISABLE KEYS */;
/*!40000 ALTER TABLE `auth_group_permissions` ENABLE KEYS */;
UNLOCK TABLES;

--
-- Table structure for table `auth_permission`
--

DROP TABLE IF EXISTS `auth_permission`;
/*!40101 SET @saved_cs_client     = @@character_set_client */;
/*!50503 SET character_set_client = utf8mb4 */;
CREATE TABLE `auth_permission` (
  `id` int NOT NULL AUTO_INCREMENT,
  `name` varchar(255) CHARACTER SET utf8mb4 COLLATE utf8mb4_unicode_ci NOT NULL,
  `content_type_id` int NOT NULL,
  `codename` varchar(100) CHARACTER SET utf8mb4 COLLATE utf8mb4_unicode_ci NOT NULL,
  PRIMARY KEY (`id`),
  UNIQUE KEY `auth_permission_content_type_id_codename_01ab375a_uniq` (`content_type_id`,`codename`),
  CONSTRAINT `auth_permission_content_type_id_2f476e4b_fk_django_co` FOREIGN KEY (`content_type_id`) REFERENCES `django_content_type` (`id`)
) ENGINE=InnoDB AUTO_INCREMENT=49 DEFAULT CHARSET=utf8mb4 COLLATE=utf8mb4_unicode_ci;
/*!40101 SET character_set_client = @saved_cs_client */;

--
-- Dumping data for table `auth_permission`
--

LOCK TABLES `auth_permission` WRITE;
/*!40000 ALTER TABLE `auth_permission` DISABLE KEYS */;
INSERT INTO `auth_permission` VALUES (1,'Can add log entry',1,'add_logentry'),(2,'Can change log entry',1,'change_logentry'),(3,'Can delete log entry',1,'delete_logentry'),(4,'Can view log entry',1,'view_logentry'),(5,'Can add permission',2,'add_permission'),(6,'Can change permission',2,'change_permission'),(7,'Can delete permission',2,'delete_permission'),(8,'Can view permission',2,'view_permission'),(9,'Can add group',3,'add_group'),(10,'Can change group',3,'change_group'),(11,'Can delete group',3,'delete_group'),(12,'Can view group',3,'view_group'),(13,'Can add user',4,'add_user'),(14,'Can change user',4,'change_user'),(15,'Can delete user',4,'delete_user'),(16,'Can view user',4,'view_user'),(17,'Can add content type',5,'add_contenttype'),(18,'Can change content type',5,'change_contenttype'),(19,'Can delete content type',5,'delete_contenttype'),(20,'Can view content type',5,'view_contenttype'),(21,'Can add session',6,'add_session'),(22,'Can change session',6,'change_session'),(23,'Can delete session',6,'delete_session'),(24,'Can view session',6,'view_session'),(25,'Can add registro admin',7,'add_registroadmin'),(26,'Can change registro admin',7,'change_registroadmin'),(27,'Can delete registro admin',7,'delete_registroadmin'),(28,'Can view registro admin',7,'view_registroadmin'),(29,'Can add registro usuarios',8,'add_registrousuarios'),(30,'Can change registro usuarios',8,'change_registrousuarios'),(31,'Can delete registro usuarios',8,'delete_registrousuarios'),(32,'Can view registro usuarios',8,'view_registrousuarios'),(33,'Can add vista admin',9,'add_vistaadmin'),(34,'Can change vista admin',9,'change_vistaadmin'),(35,'Can delete vista admin',9,'delete_vistaadmin'),(36,'Can view vista admin',9,'view_vistaadmin'),(37,'Can add evaluacion lectura individual',10,'add_evaluacionlecturaindividual'),(38,'Can change evaluacion lectura individual',10,'change_evaluacionlecturaindividual'),(39,'Can delete evaluacion lectura individual',10,'delete_evaluacionlecturaindividual'),(40,'Can view evaluacion lectura individual',10,'view_evaluacionlecturaindividual'),(41,'Can add evaluacion lectura',11,'add_evaluacionlectura'),(42,'Can change evaluacion lectura',11,'change_evaluacionlectura'),(43,'Can delete evaluacion lectura',11,'delete_evaluacionlectura'),(44,'Can view evaluacion lectura',11,'view_evaluacionlectura'),(45,'Can add lectura en curso',12,'add_lecturaencurso'),(46,'Can change lectura en curso',12,'change_lecturaencurso'),(47,'Can delete lectura en curso',12,'delete_lecturaencurso'),(48,'Can view lectura en curso',12,'view_lecturaencurso');
/*!40000 ALTER TABLE `auth_permission` ENABLE KEYS */;
UNLOCK TABLES;

--
-- Table structure for table `auth_user`
--

DROP TABLE IF EXISTS `auth_user`;
/*!40101 SET @saved_cs_client     = @@character_set_client */;
/*!50503 SET character_set_client = utf8mb4 */;
CREATE TABLE `auth_user` (
  `id` int NOT NULL AUTO_INCREMENT,
  `password` varchar(128) CHARACTER SET utf8mb4 COLLATE utf8mb4_unicode_ci NOT NULL,
  `last_login` datetime(6) DEFAULT NULL,
  `is_superuser` tinyint(1) NOT NULL,
  `username` varchar(150) CHARACTER SET utf8mb4 COLLATE utf8mb4_unicode_ci NOT NULL,
  `first_name` varchar(150) CHARACTER SET utf8mb4 COLLATE utf8mb4_unicode_ci NOT NULL,
  `last_name` varchar(150) CHARACTER SET utf8mb4 COLLATE utf8mb4_unicode_ci NOT NULL,
  `email` varchar(254) CHARACTER SET utf8mb4 COLLATE utf8mb4_unicode_ci NOT NULL,
  `is_staff` tinyint(1) NOT NULL,
  `is_active` tinyint(1) NOT NULL,
  `date_joined` datetime(6) NOT NULL,
  PRIMARY KEY (`id`),
  UNIQUE KEY `username` (`username`)
) ENGINE=InnoDB AUTO_INCREMENT=2 DEFAULT CHARSET=utf8mb4 COLLATE=utf8mb4_unicode_ci;
/*!40101 SET character_set_client = @saved_cs_client */;

--
-- Dumping data for table `auth_user`
--

LOCK TABLES `auth_user` WRITE;
/*!40000 ALTER TABLE `auth_user` DISABLE KEYS */;
INSERT INTO `auth_user` VALUES (1,'pbkdf2_sha256$600000$WM1MtFRO0YxLNVxjWi6zhb$4Kz6sgAlKlpCS2NTV+VFO7X1UU8NTiGye7N9vvZXTj0=','2025-07-07 11:36:20.353153',1,'adminkmscl','','','miros@melgares.com',1,1,'2025-04-11 08:43:25.293651');
/*!40000 ALTER TABLE `auth_user` ENABLE KEYS */;
UNLOCK TABLES;

--
-- Table structure for table `auth_user_groups`
--

DROP TABLE IF EXISTS `auth_user_groups`;
/*!40101 SET @saved_cs_client     = @@character_set_client */;
/*!50503 SET character_set_client = utf8mb4 */;
CREATE TABLE `auth_user_groups` (
  `id` bigint NOT NULL AUTO_INCREMENT,
  `user_id` int NOT NULL,
  `group_id` int NOT NULL,
  PRIMARY KEY (`id`),
  UNIQUE KEY `auth_user_groups_user_id_group_id_94350c0c_uniq` (`user_id`,`group_id`),
  KEY `auth_user_groups_group_id_97559544_fk_auth_group_id` (`group_id`),
  CONSTRAINT `auth_user_groups_group_id_97559544_fk_auth_group_id` FOREIGN KEY (`group_id`) REFERENCES `auth_group` (`id`),
  CONSTRAINT `auth_user_groups_user_id_6a12ed8b_fk_auth_user_id` FOREIGN KEY (`user_id`) REFERENCES `auth_user` (`id`)
) ENGINE=InnoDB DEFAULT CHARSET=utf8mb4 COLLATE=utf8mb4_unicode_ci;
/*!40101 SET character_set_client = @saved_cs_client */;

--
-- Dumping data for table `auth_user_groups`
--

LOCK TABLES `auth_user_groups` WRITE;
/*!40000 ALTER TABLE `auth_user_groups` DISABLE KEYS */;
/*!40000 ALTER TABLE `auth_user_groups` ENABLE KEYS */;
UNLOCK TABLES;

--
-- Table structure for table `auth_user_user_permissions`
--

DROP TABLE IF EXISTS `auth_user_user_permissions`;
/*!40101 SET @saved_cs_client     = @@character_set_client */;
/*!50503 SET character_set_client = utf8mb4 */;
CREATE TABLE `auth_user_user_permissions` (
  `id` bigint NOT NULL AUTO_INCREMENT,
  `user_id` int NOT NULL,
  `permission_id` int NOT NULL,
  PRIMARY KEY (`id`),
  UNIQUE KEY `auth_user_user_permissions_user_id_permission_id_14a6b632_uniq` (`user_id`,`permission_id`),
  KEY `auth_user_user_permi_permission_id_1fbb5f2c_fk_auth_perm` (`permission_id`),
  CONSTRAINT `auth_user_user_permi_permission_id_1fbb5f2c_fk_auth_perm` FOREIGN KEY (`permission_id`) REFERENCES `auth_permission` (`id`),
  CONSTRAINT `auth_user_user_permissions_user_id_a95ead1b_fk_auth_user_id` FOREIGN KEY (`user_id`) REFERENCES `auth_user` (`id`)
) ENGINE=InnoDB DEFAULT CHARSET=utf8mb4 COLLATE=utf8mb4_unicode_ci;
/*!40101 SET character_set_client = @saved_cs_client */;

--
-- Dumping data for table `auth_user_user_permissions`
--

LOCK TABLES `auth_user_user_permissions` WRITE;
/*!40000 ALTER TABLE `auth_user_user_permissions` DISABLE KEYS */;
/*!40000 ALTER TABLE `auth_user_user_permissions` ENABLE KEYS */;
UNLOCK TABLES;

--
-- Table structure for table `django_admin_log`
--

DROP TABLE IF EXISTS `django_admin_log`;
/*!40101 SET @saved_cs_client     = @@character_set_client */;
/*!50503 SET character_set_client = utf8mb4 */;
CREATE TABLE `django_admin_log` (
  `id` int NOT NULL AUTO_INCREMENT,
  `action_time` datetime(6) NOT NULL,
  `object_id` longtext CHARACTER SET utf8mb4 COLLATE utf8mb4_unicode_ci,
  `object_repr` varchar(200) CHARACTER SET utf8mb4 COLLATE utf8mb4_unicode_ci NOT NULL,
  `action_flag` smallint unsigned NOT NULL,
  `change_message` longtext CHARACTER SET utf8mb4 COLLATE utf8mb4_unicode_ci NOT NULL,
  `content_type_id` int DEFAULT NULL,
  `user_id` int NOT NULL,
  PRIMARY KEY (`id`),
  KEY `django_admin_log_content_type_id_c4bce8eb_fk_django_co` (`content_type_id`),
  KEY `django_admin_log_user_id_c564eba6_fk_auth_user_id` (`user_id`),
  CONSTRAINT `django_admin_log_content_type_id_c4bce8eb_fk_django_co` FOREIGN KEY (`content_type_id`) REFERENCES `django_content_type` (`id`),
  CONSTRAINT `django_admin_log_user_id_c564eba6_fk_auth_user_id` FOREIGN KEY (`user_id`) REFERENCES `auth_user` (`id`),
  CONSTRAINT `django_admin_log_chk_1` CHECK ((`action_flag` >= 0))
) ENGINE=InnoDB AUTO_INCREMENT=2 DEFAULT CHARSET=utf8mb4 COLLATE=utf8mb4_unicode_ci;
/*!40101 SET character_set_client = @saved_cs_client */;

--
-- Dumping data for table `django_admin_log`
--

LOCK TABLES `django_admin_log` WRITE;
/*!40000 ALTER TABLE `django_admin_log` DISABLE KEYS */;
INSERT INTO `django_admin_log` VALUES (1,'2025-05-13 09:01:49.903067','64','César Ricardo Berrones Zapata - columna_arte_callejero.pdf - Argumentativo',2,'[{\"changed\": {\"fields\": [\"Fragmento\"]}}]',10,1);
/*!40000 ALTER TABLE `django_admin_log` ENABLE KEYS */;
UNLOCK TABLES;

--
-- Table structure for table `django_content_type`
--

DROP TABLE IF EXISTS `django_content_type`;
/*!40101 SET @saved_cs_client     = @@character_set_client */;
/*!50503 SET character_set_client = utf8mb4 */;
CREATE TABLE `django_content_type` (
  `id` int NOT NULL AUTO_INCREMENT,
  `app_label` varchar(100) CHARACTER SET utf8mb4 COLLATE utf8mb4_unicode_ci NOT NULL,
  `model` varchar(100) CHARACTER SET utf8mb4 COLLATE utf8mb4_unicode_ci NOT NULL,
  PRIMARY KEY (`id`),
  UNIQUE KEY `django_content_type_app_label_model_76bd3d3b_uniq` (`app_label`,`model`)
) ENGINE=InnoDB AUTO_INCREMENT=13 DEFAULT CHARSET=utf8mb4 COLLATE=utf8mb4_unicode_ci;
/*!40101 SET character_set_client = @saved_cs_client */;

--
-- Dumping data for table `django_content_type`
--

LOCK TABLES `django_content_type` WRITE;
/*!40000 ALTER TABLE `django_content_type` DISABLE KEYS */;
INSERT INTO `django_content_type` VALUES (1,'admin','logentry'),(3,'auth','group'),(2,'auth','permission'),(4,'auth','user'),(5,'contenttypes','contenttype'),(11,'evaluacionescl','evaluacionlectura'),(10,'evaluacionescl','evaluacionlecturaindividual'),(12,'evaluacionescl','lecturaencurso'),(7,'evaluacionescl','registroadmin'),(8,'evaluacionescl','registrousuarios'),(9,'evaluacionescl','vistaadmin'),(6,'sessions','session');
/*!40000 ALTER TABLE `django_content_type` ENABLE KEYS */;
UNLOCK TABLES;

--
-- Table structure for table `django_migrations`
--

DROP TABLE IF EXISTS `django_migrations`;
/*!40101 SET @saved_cs_client     = @@character_set_client */;
/*!50503 SET character_set_client = utf8mb4 */;
CREATE TABLE `django_migrations` (
  `id` bigint NOT NULL AUTO_INCREMENT,
  `app` varchar(255) CHARACTER SET utf8mb4 COLLATE utf8mb4_unicode_ci NOT NULL,
  `name` varchar(255) CHARACTER SET utf8mb4 COLLATE utf8mb4_unicode_ci NOT NULL,
  `applied` datetime(6) NOT NULL,
  PRIMARY KEY (`id`)
) ENGINE=InnoDB AUTO_INCREMENT=24 DEFAULT CHARSET=utf8mb4 COLLATE=utf8mb4_unicode_ci;
/*!40101 SET character_set_client = @saved_cs_client */;

--
-- Dumping data for table `django_migrations`
--

LOCK TABLES `django_migrations` WRITE;
/*!40000 ALTER TABLE `django_migrations` DISABLE KEYS */;
INSERT INTO `django_migrations` VALUES (1,'contenttypes','0001_initial','2025-04-11 08:33:56.033822'),(2,'auth','0001_initial','2025-04-11 08:33:56.635166'),(3,'admin','0001_initial','2025-04-11 08:33:56.836943'),(4,'admin','0002_logentry_remove_auto_add','2025-04-11 08:33:56.863177'),(5,'admin','0003_logentry_add_action_flag_choices','2025-04-11 08:33:56.890164'),(6,'contenttypes','0002_remove_content_type_name','2025-04-11 08:33:57.024740'),(7,'auth','0002_alter_permission_name_max_length','2025-04-11 08:33:57.093101'),(8,'auth','0003_alter_user_email_max_length','2025-04-11 08:33:57.128980'),(9,'auth','0004_alter_user_username_opts','2025-04-11 08:33:57.141704'),(10,'auth','0005_alter_user_last_login_null','2025-04-11 08:33:57.216795'),(11,'auth','0006_require_contenttypes_0002','2025-04-11 08:33:57.222816'),(12,'auth','0007_alter_validators_add_error_messages','2025-04-11 08:33:57.235372'),(13,'auth','0008_alter_user_username_max_length','2025-04-11 08:33:57.322950'),(14,'auth','0009_alter_user_last_name_max_length','2025-04-11 08:33:57.403295'),(15,'auth','0010_alter_group_name_max_length','2025-04-11 08:33:57.439742'),(16,'auth','0011_update_proxy_permissions','2025-04-11 08:33:57.455697'),(17,'auth','0012_alter_user_first_name_max_length','2025-04-11 08:33:57.532684'),(18,'evaluacionescl','0001_initial','2025-04-11 08:33:57.776173'),(19,'evaluacionescl','0002_evaluacionlecturaindividual_fecha_lectura_and_more','2025-04-11 08:33:58.307885'),(20,'sessions','0001_initial','2025-04-11 08:33:58.361785'),(21,'evaluacionescl','0003_alter_evaluacionlectura_textos_leidos','2025-04-16 16:35:18.457823'),(22,'evaluacionescl','0004_alter_evaluacionlectura_porcentaje','2025-04-16 16:44:50.404915'),(23,'evaluacionescl','0005_lecturaencurso','2025-05-22 08:38:23.166420');
/*!40000 ALTER TABLE `django_migrations` ENABLE KEYS */;
UNLOCK TABLES;

--
-- Table structure for table `django_session`
--

DROP TABLE IF EXISTS `django_session`;
/*!40101 SET @saved_cs_client     = @@character_set_client */;
/*!50503 SET character_set_client = utf8mb4 */;
CREATE TABLE `django_session` (
  `session_key` varchar(40) CHARACTER SET utf8mb4 COLLATE utf8mb4_unicode_ci NOT NULL,
  `session_data` longtext CHARACTER SET utf8mb4 COLLATE utf8mb4_unicode_ci NOT NULL,
  `expire_date` datetime(6) NOT NULL,
  PRIMARY KEY (`session_key`),
  KEY `django_session_expire_date_a5c62663` (`expire_date`)
) ENGINE=InnoDB DEFAULT CHARSET=utf8mb4 COLLATE=utf8mb4_unicode_ci;
/*!40101 SET character_set_client = @saved_cs_client */;

--
-- Dumping data for table `django_session`
--

LOCK TABLES `django_session` WRITE;
/*!40000 ALTER TABLE `django_session` DISABLE KEYS */;
INSERT INTO `django_session` VALUES ('0lkf6aiaxknuwkl27mcodrcztynxty2c','eyJhZG1pbl9pZCI6MSwibm9tYnJlX2FkbWluIjoiRGVubnlzIE1pcm9zbGF2YSJ9:1ucmxO:rLcBmoOmM6VYVDpv7vG70vetC2IuuCu_kzgmcjAVl7M','2025-08-01 09:25:06.680830'),('3k83oxb2sp4mp62qsbzfvxvxezu936za','eyJ1c3VhcmlvX2lkIjo0LCJub21icmVfdXN1YXJpbyI6IkNsZW1lbnRlIFJhbVx1MDBmM24iLCJ0aXBvX3RleHRvIjoiTmFycmF0aXZvIn0:1u4lCr:hhI4MskaO5ly4Max8CiWrGo2bXI0b4VRNUpZRSGEH3c','2025-04-29 12:40:25.508230'),('3ssu6193kxqemhr6kf73thjcpg5stdyg','eyJ1c3VhcmlvX2lkIjoxNywibm9tYnJlX3VzdWFyaW8iOiJDaW50aGlhIn0:1uHnwA:k8TLu4nrytdS5mOPibllYp_hbx884GptUTwIBbWnTS8','2025-06-04 12:13:06.389549'),('4rwhmfrz1adob3dx90sjtiwj3rrqwg76','eyJ1c3VhcmlvX2lkIjo2LCJub21icmVfdXN1YXJpbyI6Ik1BVVJJQ0lPIiwidGlwb190ZXh0byI6Ik5hcnJhdGl2byJ9:1u4lPW:NQI9NWjcWHErO1p0ugpjRbzCuYqNcGJjYxToQcidZtY','2025-04-29 12:53:30.756906'),('575esxoctna0qxp72n5qjmw2zlo9iss9','eyJ1c3VhcmlvX2lkIjoyMywibm9tYnJlX3VzdWFyaW8iOiJKdWFuIERhbmllbCIsInRpcG9fdGV4dG8iOiJOYXJyYXRpdm8ifQ:1uHoWu:wL1dN6jr3FrOm9fcdHLnvfLf6tWIMWtTuVFLyutYaT0','2025-06-04 12:51:04.502742'),('5iddhcw8m1dh8gas4sbio11c3op04iws','.eJxVyjEKAkEMQNGrSOrFwkqmE6y8RIgzUQI7yZBJRBDvvgo2tv_9F-RMcjGUBuVwXECtX53xl6HAJUl3Z1LhFRYIGYbBz_jSye_ZWYNCHvbBlWukE7JiTZ-G_0MBblmpiimGcB82cZA27kL70W7w3gCN4DT8:1uHoPR:iKTSF7d4uEONHyS0A7y_EB6-xPazLnDA0GN9-WSacPI','2025-06-04 12:43:21.539374'),('68b8bdxpwvqkaz6yz7e02h9ndfnd2pwz','.eJxNyTsKwzAMANCrFM0hS6d6CyTnEI6jgsCxXH1KoeTubaFD1vfeEBZZWZA3SNfbAE32VQn_DAmmmttl2XMLqjCAcxd0evnvZrKi3J2f8q1KxUMzUsMSaoLnTlDFcBV7BNnYtzscHwjVLbg:1uHoPx:ShkBBPzwvspTJGj6YuWxb7H421Nmj_9y5zS_ITC2_NI','2025-06-04 12:43:53.966262'),('7lmj83sgsr91g31byfcyrx9prrd1jwwi','.eJxFybEKwlAMRuFXKf9cHNy8q7uDLxDSNmLA3lzSRCzSd7eC4HY43xu5JLsa6YRyPPWoNg8u9NsoOLPPUrtrDooeoc0o5BVfurA7hz5th4eMkc4klcb0xeiPBfe9V2oWIX5o0w3bB1FoLCQ:1uHoSm:msSaiuLTZiWmdn9UU_dSeprlmi8EXBCEtktg62k4BAU','2025-06-04 12:46:48.395606'),('8nfa9umnn79s5nbzfmj48ghd5zp0fhna','eyJ1c3VhcmlvX2lkIjoxOSwibm9tYnJlX3VzdWFyaW8iOiJSaWNhcmRvIEVtbWFudWVsIiwidGlwb190ZXh0byI6Ik5hcnJhdGl2byJ9:1uHoDo:X4iNgz4bZHkKzLBePjCGtqM8dT8qStfh5_xqFNty51I','2025-06-04 12:31:20.577211'),('8tzpu0ssje3ahfub4vw9a7emuf52imf6','eyJ1c3VhcmlvX2lkIjo0MCwibm9tYnJlX3VzdWFyaW8iOiJBbGV4IEVtaWwiLCJ0aXBvX3RleHRvIjoiTmFycmF0aXZvIn0:1uHoll:owriALNKkxxn4YsBrzC5tWyF92OD-7MCguFNaH0r_Yk','2025-06-04 13:06:25.134705'),('8v65x17uesn8y2kv5xgsczhr3ggp3az1','.eJxNyjEKwzAMQNGrFM0hQ0bPnTLmAkKxVRAklpGl0lJ69zTQIet__wPRg0wUpUCapgGq7qsx_jMkmIPqbZFMVhQGcGmKzi8_7c49mzSX50kbZw8j5Io5rCteOUFUwkYbrb_F401jKw_4HvVVL6g:1uHoHC:1yOcHJbz_pELgtpVBngsSzlpOwgOlbiR7552BkU8SjA','2025-06-04 12:34:50.605007'),('8yajh5ubh6k23o2820mrb1t1d0iok6gv','.eJxNykEKAjEMQNGrSNaDCO66E2bvEUKmjRCpTUkTUYa5uw64cPvfXyFGkImiFEjn0wRNH4sx_jIkuA7herhUvlMrpjCBS1d0fvnOM49s0l2eO1XOHkbIDXPYUPznBNEIO1VavovHm4693GD7AI-eMOE:1uHoFW:KWv0NfcrwZv_jhMMzYoqjKd5WDpNlb7CHpMCNckNwSU','2025-06-04 12:33:06.132122'),('a2i5t44es5kj1ry5ryxe8pwml1hq58iw','eyJ1c3VhcmlvX2lkIjoxMSwibm9tYnJlX3VzdWFyaW8iOiJXYWx0ZXIgTGVvbmFyZG8iLCJ0aXBvX3RleHRvIjoiQXJndW1lbnRhdGl2byJ9:1u9bn9:DO1mlnNNMwa06pzkVmdCf8QY7uNwlZl9Pp7YAuhn4xw','2025-05-12 21:37:55.881187'),('a8pirn2qmzd1sjrmzovboy1mrcyz4deq','eyJ1c3VhcmlvX2lkIjo0MSwibm9tYnJlX3VzdWFyaW8iOiJKZXNcdTAwZmFzIEFudG9uaW8ifQ:1uHnzk:vnpFMkoYU3Eh8OdEWVM7Xl0EA7Y7LpeAfijAfzcsDWc','2025-06-04 12:16:48.755298'),('aar8y6o7x5w3m47h1fhj0y7v9yn2afui','eyJhZG1pbl9pZCI6MSwibm9tYnJlX2FkbWluIjoiRGVubnlzIE1pcm9zbGF2YSJ9:1uJbEZ:AePxT7D7m6hG8pHJsH-MZO6MZ3J7alJQN40jJPj7Mro','2025-06-09 11:03:31.531144'),('abpbtb4bt2u4du3bq6jtwm0vh4wnmiua','eyJ1c3VhcmlvX2lkIjoyMSwibm9tYnJlX3VzdWFyaW8iOiJMdWlzIEFsZWphbmRybyIsInRpcG9fdGV4dG8iOiJFeHBvc2l0aXZvIn0:1uHobR:g7XhbIaRvrNMa0XHgpCdqN0k9oc4BvkWbmvAJfer8RI','2025-06-04 12:55:45.104614'),('agy6izgdztsvau7cdm1qmb7reyosuo1i','.eJxNyrsKAkEMQNFfkdSLjY1MbW1pG7KzEQLjZMhDXMR_3xUsbO-5b0hPMlGUBcrpPEHXx2yMvwwFbtTZnQ5XCmorTBAyFINf8dULezUZIU_dqXGNNELuWNNc8Z8LZCcc1Gjel8iVjmO5w2cDaBMwlw:1uHoXO:Fz7N2aK5vRK50_wgrEOBFGVpxbnux3-Sekk9DHxzXTI','2025-06-04 12:51:34.145858'),('b72ru9o73hae6gfjvf933z6gkmiwj2qf','eyJ1c3VhcmlvX2lkIjoxMywibm9tYnJlX3VzdWFyaW8iOiJKb3JnZSBFZHVhcmRvIiwidGlwb190ZXh0byI6IkV4cG9zaXRpdm8ifQ:1u80GC:hMQtAiOmLOJcbN2Z7JOvsb3tlcISTfDboche7My-TMQ','2025-05-08 11:21:16.104583'),('dnumorl3ap541vx01qmio13sm1g2imho','eyJ1c3VhcmlvX2lkIjo4LCJub21icmVfdXN1YXJpbyI6IkNhcmxvcyBHdWlsbGVybW8iLCJ0aXBvX3RleHRvIjoiRXhwb3NpdGl2byJ9:1u4lDe:zjm4DDfd8CqOIhUUhpLjCPBhuqaCJQI3jLkxDmRgCQE','2025-04-29 12:41:14.597203'),('dt7ztzfa9erig17sp9pp7rjhtlerhpg4','.eJxNyT0KAjEQBtCryFcvFtqlE6y8xLCbHWUgZuL8iCDeXQUL2_eeSM_ZRElWlP1uQtfrYkw_RsGJPX1z6BdumBAylIIf8a0jezUZIXf9VOMaaTNxp5rmSv9d0NRpUb8l-3asZ7ze3aQtXw:1uHoEz:is3oARNkBPw-DtpJtxqabbXq0AWv_qbuyXKKqmiYbvI','2025-06-04 12:32:33.314959'),('elqjka1gk8js7a61boi7892f7hai4ezy','.eJxNyT0KwzAMQOGrFM0hSzZvHTrkFMJ1VBCkktFPCJTevTV06Pje94L0rMaKvEFZlglEn3cj_G0osLpV2i9XCZXvmCC4KwadMfR2dnUOPobs1CKtIgm2NFf80wIsHpZtFLYqR5379oD3Bz7aMIY:1uHobG:OvAq1UtugHisvd8rMxxNmwi69nAlDCHnrixuxOgWbWw','2025-06-04 12:55:34.284174'),('f99zk6ywvbdseioz2idwjunm0qf5yf5o','eyJ1c3VhcmlvX2lkIjo3LCJub21icmVfdXN1YXJpbyI6IkVsaWV6ZXIiLCJ0aXBvX3RleHRvIjoiTmFycmF0aXZvIn0:1u9YQB:zP9DSfYdlPvyDok5RTOuBZbnP9yqkUlDK4J0dei97Bc','2025-05-12 18:01:59.253104'),('fi5yjhwdov7z5vn20t6xi8btg5604lkl','eyJ1c3VhcmlvX2lkIjoyLCJub21icmVfdXN1YXJpbyI6IkNhcmxvcyBBZHJpYW4iLCJ0aXBvX3RleHRvIjoiTmFycmF0aXZvIn0:1u4ko6:8xBS4KacbOyNQj8sFG4LgUyFmL9SgCB-fCH0YjvaJHk','2025-04-29 12:14:50.407296'),('fnq90i5wfpgsfupxdbs3b8zd7hl4wpza','eyJhZG1pbl9pZCI6MSwibm9tYnJlX2FkbWluIjoiRGVubnlzIE1pcm9zbGF2YSJ9:1uSdI9:THfOsIIVumhWJvjC28kOEhBVlHDN_E9X9q2b8Dw8OhE','2025-07-04 09:04:33.597538'),('fzxlal0afkz07rcppk2zwu8nt7gixunp','.eJxNyrEKg0AMgOFXkcziotONpWPfIcQzhYC9HLmkVMR310KHrv_37xAtyERRFkjj1EPR12yMvwwJHiGtu9lGBXpwqYrOH__KnVs2qS5vvWjl7GGEXDCHNcV_ThCFsNJK87V4bDTU5QnHCZoyLvI:1uHoEb:J_u9Vp457P0AvC4osa9rlU1JdLRCIiEkRPx18BmoeMg','2025-06-04 12:32:09.818045'),('g23muyh0ckegwoob86nbspxg2c1c8n1n','eyJhZG1pbl9pZCI6MSwibm9tYnJlX2FkbWluIjoiRGVubnlzIE1pcm9zbGF2YSJ9:1uHoZe:sACX41minPSJna_mpqEcuLwM549SFD4dnqqDK0mgEE4','2025-06-04 12:53:54.388296'),('imimlj59xnks2nct8t3j07qi6596angy','.eJxFyUEKwkAMBdC7_HVxUVzNIVx4gRAnUQJ2UtKkCOLdpSC4fe-N2orDnEzQ5vOE4cstlH6MhqtL2MMxIW11Sn3lwReO4LT9iKf2rGDSQb1ic_pnQy8d6SRKg3cTltMqd3y-kxwstg:1uHoKw:ksW_o3MmebnlHStlXOi0TkgpR8U5sZfqXE8IQvWZNxQ','2025-06-04 12:38:42.481399'),('inxnnz7prodlnppcyzprzjcxlh6lnz2o','eyJ1c3VhcmlvX2lkIjoyNiwibm9tYnJlX3VzdWFyaW8iOiJEYWVsIiwidGlwb190ZXh0byI6IkFyZ3VtZW50YXRpdm8ifQ:1uHoYl:jahuoQ_E169sLqWSsozzSpjPXYAqshTF8mnvLMEKdg0','2025-06-04 12:52:59.670882'),('jm9ti70otjwetne162f27e41gh6b1s7e','eyJ1c3VhcmlvX2lkIjo5LCJub21icmVfdXN1YXJpbyI6Ikpvc3VcdTAwZTkiLCJ0aXBvX3RleHRvIjoiRGVzY3JpcHRpdm8ifQ:1u4l7J:KPxhoVoTtbZUfzND70iM2VHaryt-QMhxX9CaPCCq_a4','2025-04-29 12:34:41.240550'),('kvbqmj7kabfmg0kuru1zdbhniw699ff6','eyJ1c3VhcmlvX2lkIjoxNCwibm9tYnJlX3VzdWFyaW8iOiJMdWlzIEFudG9uaW8iLCJ0aXBvX3RleHRvIjoiTmFycmF0aXZvIn0:1u4kvQ:WxpkOZzMO-IqquSvueu231T48QUFfDrwCZNEDTqxlfY','2025-04-29 12:22:24.259342'),('lkelmahwqmwgptzbz5g8a9przumqivst','eyJ1c3VhcmlvX2lkIjo4LCJub21icmVfdXN1YXJpbyI6IkNhcmxvcyBHdWlsbGVybW8iLCJ0aXBvX3RleHRvIjoiTmFycmF0aXZvIn0:1u9c48:SPJW9klolvYSlA9BgNw83WMIBekSswshQ9tNvUoRnwM','2025-05-12 21:55:28.014860'),('lsflfw3jt05ybcwu2l84iamipij28emj','.eJxVjM0KgzAQhF-l7FlCEn-iHkuvPoNssmu1rQkYLZTSd6-KF48z3zfzBaRx8O1AUKsEfBjtxO3eQQ039v4TL80whfjCN0ICLS5z3y6Rp30D6txZdE_2G6AH-nsQLvh5GqzYFHHQKJpA_Loe7umgx9iva4dparNckdIGyRBnzpA1ZV50srAqd5XcGGqUVVeVWLJONRsmo9asJfz-O25H9A:1uZyD2:ldojqvK90IrsdGxy-eYloka3-YZqevUrQu5SUlvgbiE','2025-07-24 14:49:36.659277'),('lufo9l9wmp5mxqhy9y8kqyd55xffl0wx','eyJ1c3VhcmlvX2lkIjozMSwibm9tYnJlX3VzdWFyaW8iOiJFbFx1MDBlZGFzIiwidGlwb190ZXh0byI6IkRlc2NyaXB0aXZvIn0:1uHoOf:wnQUUhrlDp_lltHD791nBm6hN0jgtS3AXHcD3MydddA','2025-06-04 12:42:33.602546'),('m8gkgpv8mqbyvhs952eaukdqef6sv7tm','.eJxFybEKwkAMBuBXkczFqdONPoBb5xB7EQLXpPzNiUV8dysIrt_3or51gQVbpTKOA3ksNyj_mApdILv4aYJpo4HS1uDUZ37vKoCkPeKIpnN2CKvz3LEF_7McuatX4dYC4XJe653eHwtVLaw:1uYrqQ:48SIW3nk6XZoR1Yg5FTfGOP1Fp1vEKErvk5qIRdT5MU','2025-07-21 13:49:42.794082'),('m8icorsllo77m42szi2p2qiemhx87pqa','.eJxNjUEKg0AMAL9SchYRpJe9Cf1Br4WwXSMENAm7SRGkf6-FHnqdGZgDokWurMgzpPHagej2rIQ_DAkmcRXWyz2vuj1iGJZRoANnU3Ta_dvcqJXK5vzSU61UPGpGEixRm-K_TkC7aePCKmjno_U2L_D-AHDdMo0:1uHoJF:SwpiF0ypMuB6LBt4V2ROfIwWSC47xyBhImDskoxfupg','2025-06-04 12:36:57.076924'),('oflhsls7em4gyiiyjip14xbx2a0qlgib','eyJ1c3VhcmlvX2lkIjoyNywibm9tYnJlX3VzdWFyaW8iOiJYaW1lbmEgQWJpZ2FpbCIsInRpcG9fdGV4dG8iOiJOYXJyYXRpdm8ifQ:1uHoeJ:b0nkJMQHZ75IIgN-cIz4HLgbLCKR6uYiqkyV0Sr4WXQ','2025-06-04 12:58:43.138860'),('ok7bnv7jn32jgz1dn7utwj06dgk7ecd0','eyJ1c3VhcmlvX2lkIjoyNSwibm9tYnJlX3VzdWFyaW8iOiJEYW5pIiwidGlwb190ZXh0byI6Ik5hcnJhdGl2byJ9:1uHoTm:KRb-Jy0FIAPbn8F2nG0Wlw4esW4zOQmtNq6KObhhrQo','2025-06-04 12:47:50.161682'),('pjauz182fncwzcqzvsf0sw0jdpyuod0i','eyJ1c3VhcmlvX2lkIjoxMiwibm9tYnJlX3VzdWFyaW8iOiJEYW5ueSBBbGVqYW5kcm8iLCJ0aXBvX3RleHRvIjoiQXJndW1lbnRhdGl2byJ9:1u4l7b:gC74AohhFy_tX-nYK14ioQVrJuBjFzNCgycNYo3VO_E','2025-04-29 12:34:59.442612'),('qdsmqc6vh6blxqopwza5uxge0bhrt647','eyJ1c3VhcmlvX2lkIjo0Mywibm9tYnJlX3VzdWFyaW8iOiJDYXJsb3MiLCJ0aXBvX3RleHRvIjoiRGVzY3JpcHRpdm8ifQ:1uNXkt:HP55rQVc8wOAs_f_XuZZUaJalfPaNfEgaxLwF0uSRMc','2025-06-20 08:09:11.706782'),('qffwath6pvhds9493pfe9m86r0vdb167','.eJxFyUEKg0AMAMC_5CwFT8Jee_cLIbopDazJErPSIv27CgWvMzu0tZGLoWRI_dCB2jI5458hwVM03kLQQUg1DP7ExSO5U8hmZxSeozkhK87NV8M705lf1kxYirkpPWp-we8AM9or7g:1uHvIf:HjK2Uy1OztecuC7tgVKYwmFUZteB9vfKKH9S9VaZV04','2025-06-04 20:04:49.786177'),('rj5r9uozcig22uhnouw1n3kqd20oiiym','eyJ1c3VhcmlvX2lkIjozLCJub21icmVfdXN1YXJpbyI6IkFydHVybyIsInRpcG9fdGV4dG8iOiJEZXNjcmlwdGl2byJ9:1u9auV:N8sLFNQHsteZXkHp1UmcdXiKxYYkgkY0c7bPz1rIW_Y','2025-05-12 20:41:27.077426'),('tvkfz6fm4qslx4qnf7969e1hginrcq52','.eJxVykEKAjEMQNGrSNaDjBvB7sQbuBZCbKMEbFPSZBDEu8vAbNz-_z4QI8hEUQqkw3GCpvVujFuGBJdbzDOfBtnuKpmsKEzg0hWd376Ksz2jcnNyWdb54uxhhNwwhw3Ff5CAS2TKog1duHYd2KkVrkL7Xh7w_QHdzTc6:1uDQ0H:B8ls8FVGvRVrh7Ox04G7GRinONm9gBYy1y5BUog00Hg','2025-05-23 09:51:13.966190'),('ubra6au3yso6xzcqqvbsi35061arv37l','eyJ1c3VhcmlvX2lkIjoxNiwibm9tYnJlX3VzdWFyaW8iOiJDXHUwMGU5c2FyIFJpY2FyZG8ifQ:1uG13A:FD3HtxHnPOewV5wbHr8gR96NaOlnUeCx3FjNFSnp6QI','2025-05-30 13:48:56.027956'),('uj2v4lkj45u1093im4qvvjllzkuh0hai','eyJ1c3VhcmlvX2lkIjozNiwibm9tYnJlX3VzdWFyaW8iOiJKdWxpc3NhIFZpYW5leSIsInRpcG9fdGV4dG8iOiJOYXJyYXRpdm8ifQ:1uHoWO:M6cGo7zlVnBndhCMvq3SiovcN2Cz8-KJ2IM3BxWfBiA','2025-06-04 12:50:32.524303'),('w9cqtkzebycdi8hoeiy2chxcc25wyijw','eyJ1c3VhcmlvX2lkIjo1LCJub21icmVfdXN1YXJpbyI6IkVmcmFpbiBBYmRpZWwiLCJ0aXBvX3RleHRvIjoiRGVzY3JpcHRpdm8ifQ:1u4l2V:JxIL028CmGCrEtMTHN-YdbERiGPBVUHX9YrT8cYhsFE','2025-04-29 12:29:43.739426'),('x2jnflzci99pqpwx6qyxqe60flii8j4m','.eJxVykEKAjEMQNG7ZD3IgAuxO_EaQohtlIBNSpqIIN5dBTdu__tPyJnkYigNyna3gFo_O-MvQ4HjKdeV95McFggZhsGP-MrBr9lZg0Lu9sEb10gnZMWaPg3_hwLcslIVUwzhPmziIG3chTajXeD1Bj4NNFk:1uHo17:H8AZr2D7NyClZlFNDu0FvdDUQW0OwsEesuXALGX6uBY','2025-06-04 12:18:13.765957'),('xyqy5qq24f9auhxe3kdvq56oyulwet7m','.eJxFjEEKwkAMAL8iORep4GlvXj34AiHETQoB3ZRsUoTi321B8DozzArZk1wNlaGcTwM0ez1c8IehwFX6Pcdxon64tLC2wQFCZ8OQd-zFjdwpdNnFU2qkE0rDmt4N_7JATdkOyIKNFmXi48wTfL5xSDBk:1uHo4c:JnBAgiPM_war-4Ntm6hXJEUpHazVBid_DxHB6esenrg','2025-06-04 12:21:50.739775'),('ytj2cbtovswv3icz56702q4pfylpsdxb','eyJ1c3VhcmlvX2lkIjoxLCJub21icmVfdXN1YXJpbyI6IkphcmVkIGRlIEplc3VzIiwidGlwb190ZXh0byI6Ik5hcnJhdGl2byJ9:1u5s5P:YZZA1ImUo2aXPTgmXVV8hXNCdvJIE8zQUznPrcJKBYU','2025-05-02 14:13:19.904039');
/*!40000 ALTER TABLE `django_session` ENABLE KEYS */;
UNLOCK TABLES;

--
-- Table structure for table `evaluacionescl_evaluacionlectura`
--

DROP TABLE IF EXISTS `evaluacionescl_evaluacionlectura`;
/*!40101 SET @saved_cs_client     = @@character_set_client */;
/*!50503 SET character_set_client = utf8mb4 */;
CREATE TABLE `evaluacionescl_evaluacionlectura` (
  `id` bigint NOT NULL AUTO_INCREMENT,
  `tipo_texto` varchar(100) CHARACTER SET utf8mb4 COLLATE utf8mb4_unicode_ci NOT NULL,
  `textos_leidos` int NOT NULL,
  `porcentaje` double NOT NULL,
  `nivel_comprension` varchar(50) CHARACTER SET utf8mb4 COLLATE utf8mb4_unicode_ci NOT NULL,
  `usuario_id` bigint NOT NULL,
  PRIMARY KEY (`id`),
  KEY `evaluacionescl_evalu_usuario_id_6417c3bf_fk_evaluacio` (`usuario_id`),
  CONSTRAINT `evaluacionescl_evalu_usuario_id_6417c3bf_fk_evaluacio` FOREIGN KEY (`usuario_id`) REFERENCES `evaluacionescl_registrousuarios` (`id`)
) ENGINE=InnoDB AUTO_INCREMENT=100 DEFAULT CHARSET=utf8mb4 COLLATE=utf8mb4_unicode_ci;
/*!40101 SET character_set_client = @saved_cs_client */;

--
-- Dumping data for table `evaluacionescl_evaluacionlectura`
--

LOCK TABLES `evaluacionescl_evaluacionlectura` WRITE;
/*!40000 ALTER TABLE `evaluacionescl_evaluacionlectura` DISABLE KEYS */;
INSERT INTO `evaluacionescl_evaluacionlectura` VALUES (1,'Argumentativo',1,33.33333333333333,'Bajo (Comprensión superficial)',7),(2,'Argumentativo',1,100,'Alto (Comprensión profunda)',4),(3,'Narrativo',1,33.33333333333333,'Bajo (Comprensión superficial)',12),(4,'Expositivo',1,100,'Alto (Comprensión profunda)',12),(5,'Argumentativo',1,66.66666666666666,'Medio (Comprensión adecuada)',5),(6,'Argumentativo',1,100,'Alto (Comprensión profunda)',13),(7,'Descriptivo',1,100,'Alto (Comprensión profunda)',4),(8,'Argumentativo',1,66.66666666666666,'Medio (Comprensión adecuada)',6),(9,'Argumentativo',1,66.66666666666666,'Medio (Comprensión adecuada)',9),(10,'Descriptivo',1,33.33333333333333,'Bajo (Comprensión superficial)',12),(11,'Narrativo',1,100,'Alto (Comprensión profunda)',3),(12,'Expositivo',1,100,'Alto (Comprensión profunda)',4),(13,'Argumentativo',1,66.66666666666666,'Medio (Comprensión adecuada)',8),(14,'Argumentativo',2,100,'Alto (Comprensión profunda)',1),(15,'Descriptivo',1,100,'Alto (Comprensión profunda)',7),(16,'Descriptivo',1,66.66666666666666,'Medio (Comprensión adecuada)',6),(17,'Descriptivo',1,66.66666666666666,'Medio (Comprensión adecuada)',5),(18,'Narrativo',1,0,'Deficiente (No comprensión)',4),(19,'Expositivo',1,33.33333333333333,'Bajo (Comprensión superficial)',6),(20,'Descriptivo',1,100,'Alto (Comprensión profunda)',9),(21,'Descriptivo',1,66.66666666666666,'Medio (Comprensión adecuada)',13),(22,'Narrativo',1,100,'Alto (Comprensión profunda)',6),(23,'Narrativo',1,66.66666666666666,'Medio (Comprensión adecuada)',14),(24,'Expositivo',1,66.66666666666666,'Medio (Comprensión adecuada)',7),(26,'Descriptivo',4,25,'Deficiente (No comprensión)',15),(27,'Argumentativo',6,33.33333333333333,'Bajo (Comprensión superficial)',15),(28,'Descriptivo',1,100,'Alto (Comprensión profunda)',1),(29,'Expositivo',1,66.66666666666666,'Medio (Comprensión adecuada)',1),(30,'Narrativo',1,0,'Deficiente (No comprensión)',1),(31,'Narrativo',1,33.33333333333333,'Bajo (Comprensión superficial)',11),(32,'Expositivo',1,66.66666666666666,'Medio (Comprensión adecuada)',13),(33,'Narrativo',1,66.66666666666666,'Medio (Comprensión adecuada)',7),(34,'Argumentativo',1,100,'Alto (Comprensión profunda)',3),(35,'Descriptivo',2,66.66666666666666,'Medio (Comprensión adecuada)',3),(36,'Expositivo',1,33.33333333333333,'Bajo (Comprensión superficial)',3),(37,'Argumentativo',1,33.33333333333333,'Bajo (Comprensión superficial)',2),(38,'Descriptivo',1,33.33333333333333,'Bajo (Comprensión superficial)',2),(39,'Expositivo',1,100,'Alto (Comprensión profunda)',2),(40,'Narrativo',1,100,'Alto (Comprensión profunda)',2),(41,'Expositivo',1,66.66666666666666,'Medio (Comprensión adecuada)',11),(42,'Descriptivo',1,100,'Alto (Comprensión profunda)',11),(43,'Argumentativo',1,100,'Alto (Comprensión profunda)',11),(44,'Descriptivo',1,100,'Alto (Comprensión profunda)',8),(45,'Expositivo',1,66.66666666666666,'Medio (Comprensión adecuada)',8),(46,'Narrativo',1,33.33333333333333,'Bajo (Comprensión superficial)',8),(47,'Argumentativo',3,88.88888888888889,'Medio (Comprensión adecuada)',16),(48,'Descriptivo',2,83.33333333333334,'Medio (Comprensión adecuada)',16),(49,'Expositivo',1,100,'Alto (Comprensión profunda)',16),(50,'Narrativo',1,100,'Alto (Comprensión profunda)',16),(51,'Argumentativo',1,100,'Alto (Comprensión profunda)',19),(52,'Descriptivo',1,100,'Alto (Comprensión profunda)',19),(53,'Expositivo',1,100,'Alto (Comprensión profunda)',19),(54,'Argumentativo',1,100,'Alto (Comprensión profunda)',36),(55,'Argumentativo',1,100,'Alto (Comprensión profunda)',18),(56,'Argumentativo',1,100,'Alto (Comprensión profunda)',34),(57,'Narrativo',1,33.33333333333333,'Bajo (Comprensión superficial)',32),(58,'Narrativo',1,100,'Alto (Comprensión profunda)',19),(59,'Argumentativo',1,100,'Alto (Comprensión profunda)',23),(60,'Argumentativo',1,66.66666666666666,'Medio (Comprensión adecuada)',31),(61,'Argumentativo',1,33.33333333333333,'Bajo (Comprensión superficial)',27),(62,'Argumentativo',1,66.66666666666666,'Medio (Comprensión adecuada)',25),(63,'Argumentativo',1,66.66666666666666,'Medio (Comprensión adecuada)',40),(64,'Argumentativo',1,100,'Alto (Comprensión profunda)',30),(65,'Descriptivo',1,100,'Alto (Comprensión profunda)',18),(66,'Argumentativo',1,100,'Alto (Comprensión profunda)',22),(67,'Descriptivo',1,100,'Alto (Comprensión profunda)',36),(68,'Argumentativo',1,100,'Alto (Comprensión profunda)',35),(69,'Descriptivo',1,100,'Alto (Comprensión profunda)',25),(70,'Expositivo',5,93.33333333333333,'Alto (Comprensión profunda)',18),(71,'Descriptivo',1,100,'Alto (Comprensión profunda)',24),(72,'Descriptivo',1,100,'Alto (Comprensión profunda)',23),(73,'Narrativo',1,100,'Alto (Comprensión profunda)',18),(74,'Expositivo',1,100,'Alto (Comprensión profunda)',25),(75,'Expositivo',1,100,'Alto (Comprensión profunda)',23),(76,'Descriptivo',1,100,'Alto (Comprensión profunda)',31),(77,'Argumentativo',1,66.66666666666666,'Medio (Comprensión adecuada)',21),(78,'Descriptivo',1,100,'Alto (Comprensión profunda)',27),(79,'Argumentativo',1,0,'Deficiente (No comprensión)',39),(80,'Expositivo',1,100,'Alto (Comprensión profunda)',36),(81,'Argumentativo',1,100,'Alto (Comprensión profunda)',29),(82,'Narrativo',4,41.66666666666667,'Bajo (Comprensión superficial)',23),(83,'Argumentativo',1,100,'Alto (Comprensión profunda)',33),(84,'Narrativo',1,33.33333333333333,'Bajo (Comprensión superficial)',25),(85,'Descriptivo',1,100,'Alto (Comprensión profunda)',17),(86,'Descriptivo',1,66.66666666666666,'Medio (Comprensión adecuada)',40),(87,'Descriptivo',1,66.66666666666666,'Medio (Comprensión adecuada)',21),(88,'Narrativo',1,100,'Alto (Comprensión profunda)',36),(89,'Argumentativo',1,100,'Alto (Comprensión profunda)',38),(90,'Expositivo',1,100,'Alto (Comprensión profunda)',27),(91,'Argumentativo',1,100,'Alto (Comprensión profunda)',26),(92,'Descriptivo',1,100,'Alto (Comprensión profunda)',33),(93,'Expositivo',1,100,'Alto (Comprensión profunda)',40),(94,'Expositivo',1,100,'Alto (Comprensión profunda)',21),(95,'Narrativo',1,66.66666666666666,'Medio (Comprensión adecuada)',27),(96,'Narrativo',1,100,'Alto (Comprensión profunda)',40),(97,'Narrativo',3,22.22222222222222,'Deficiente (No comprensión)',15),(98,'Expositivo',3,22.22222222222222,'Deficiente (No comprensión)',15),(99,'Descriptivo',1,0,'Deficiente (No comprensión)',43);
/*!40000 ALTER TABLE `evaluacionescl_evaluacionlectura` ENABLE KEYS */;
UNLOCK TABLES;

--
-- Table structure for table `evaluacionescl_evaluacionlecturaindividual`
--

DROP TABLE IF EXISTS `evaluacionescl_evaluacionlecturaindividual`;
/*!40101 SET @saved_cs_client     = @@character_set_client */;
/*!50503 SET character_set_client = utf8mb4 */;
CREATE TABLE `evaluacionescl_evaluacionlecturaindividual` (
  `id` bigint NOT NULL AUTO_INCREMENT,
  `tipo_texto` varchar(50) CHARACTER SET utf8mb4 COLLATE utf8mb4_unicode_ci NOT NULL,
  `titulo_lectura` varchar(255) CHARACTER SET utf8mb4 COLLATE utf8mb4_unicode_ci NOT NULL,
  `tipo_inferencia` varchar(100) CHARACTER SET utf8mb4 COLLATE utf8mb4_unicode_ci DEFAULT NULL,
  `puntaje` int DEFAULT NULL,
  `usuario_id` bigint NOT NULL,
  `fecha_lectura` datetime(6) NOT NULL,
  `fragmento` longtext CHARACTER SET utf8mb4 COLLATE utf8mb4_unicode_ci NOT NULL DEFAULT (_utf8mb3'Fragmento no disponible'),
  `instruccion` varchar(255) CHARACTER SET utf8mb4 COLLATE utf8mb4_unicode_ci NOT NULL,
  `respuesta_usuario` longtext CHARACTER SET utf8mb4 COLLATE utf8mb4_unicode_ci,
  PRIMARY KEY (`id`),
  KEY `evaluacionescl_evalu_usuario_id_5ed5505f_fk_evaluacio` (`usuario_id`),
  CONSTRAINT `evaluacionescl_evalu_usuario_id_5ed5505f_fk_evaluacio` FOREIGN KEY (`usuario_id`) REFERENCES `evaluacionescl_registrousuarios` (`id`)
) ENGINE=InnoDB AUTO_INCREMENT=137 DEFAULT CHARSET=utf8mb4 COLLATE=utf8mb4_unicode_ci;
/*!40101 SET character_set_client = @saved_cs_client */;

--
-- Dumping data for table `evaluacionescl_evaluacionlecturaindividual`
--

LOCK TABLES `evaluacionescl_evaluacionlecturaindividual` WRITE;
/*!40000 ALTER TABLE `evaluacionescl_evaluacionlecturaindividual` DISABLE KEYS */;
INSERT INTO `evaluacionescl_evaluacionlecturaindividual` VALUES (4,'Argumentativo','ensayo_ventajas_desventajas_tecnología.pdf','asociativa',2,6,'2025-04-15 12:16:14.821831','En el sector educación, ante esta emergencia sanitaria, los especialistas en tecnologías para\nla educación explican que el hacer uso de estas herramientas puede implicar grandes retos,\npues en principio las estrategias pedagógicas deben modificarse y las brechas digitales\npueden limitar el acceso a la educación a una parte de la población.','¿A qué se refiere el siguiente fragmento?:','Se refiere a que gracias a las brechas digitales hay dificultad para poder integrar las tecnologías en el sector de educación, en el área de emergencia sanitaria'),(5,'Argumentativo','columna_arte_callejero.pdf','no_inferencia_parafrasis',1,7,'2025-04-15 12:16:15.681990','A\nestos se les consideran parte del arte callejero o urbano,\npero no solo los grafittis y murales son considerados como\ntal, también se puede considerar arte callejero a las\ninstalaciones hechas con materiales reciclables en partes\nde la ciudad, un buen ejemplo serían las famosas\ninstalaciones hechas mayormente de basura en la\nreconocida Plaza Nicolás Tirado.','Escribe con tus palabras la idea del siguiente fragmento:','A estos se les puede considerar como parte del arte callejero pero no solo los grafitis o murales son considerados asi por lo que tambien existen otros tipos de arte callejero, como lo pueden ser las intalaciones que estan hechas de basura que se encuentran por la ciudad'),(6,'Argumentativo','columna_arte_callejero.pdf','elaborativa',3,4,'2025-04-15 12:16:15.933107','Por lo que se puede ver que una gran mayoría de ellos tiene un contenido o una\nintención en particular que permite mostrar realidades que para muchos son desconocidas. A lo largo de los años la mayoría de las veces el arte callejero ha sido asociado a la rebeldía, la\nilegalidad y las manifestaciones, así dejando su reputación en los suelos ante la sociedad, en especial\nante los ojos de los más adultos.','Escribe con tus palabras la idea del siguiente fragmento:','El arte callejero, para algunos, expresa sentimientos y realidades. Por falta de comprensión, se ha considerado como rebeldía o ilegalidad, manchando así el arte de todos los artistas callejeros.'),(7,'Argumentativo','carta_al_editor.pdf','asociativa',2,5,'2025-04-15 12:16:17.735920','En cuanto a los otros factores, llama la atención que el 11,3 % de las muertes por cáncer de pulmón se atribuyeron al radón. También se hizo un análisis de la respuesta institucional del Estado y se concluyó que prevalece una “persistente institucionalidad sectorial”, es decir, se sigue mirando el ambiente desde cada sector sin un ejercicio de gobernanza que supere la visión sectorial y comprometa la participación comunitaria, social y ciudadana.','¿A qué se refiere el siguiente fragmento?:','Se hace referencia a un procentaje de las muertes por cancer de pulmon, en este caso de parte del pais de colombia, en este caso ese 11,3% prociento se debio al radon. Lo cual se concluyo que era un factor persistente lo cual requiere atencion.'),(8,'Argumentativo','ensayo_ventajas_desventajas_tecnología.pdf','asociativa',2,9,'2025-04-15 12:16:19.586722','Si hubiera que destacar una de las herramientas más utilizadas\ndurante este periodo definitivamente serían las videollamadas, cuyas aplicaciones han tenido\naumentos de descargas en el último mes de más del 4000% en algún caso, según datos de un\noperador de telefonía; siendo claves para permitir el contacto entre las personas, tanto a\nnivel personal como profesional. De nuevo en este ámbito, el sistema está mostrando su\neficiencia a la hora de dar respuesta a tales incrementos.','¿A qué se refiere el siguiente fragmento?:','Se refiere a como el uso de las herramientas para videoconferencia sufrieron de un crecimiento desenfrenado debido al confinamiento generado en la pandemia de covid-19 en el 2020'),(9,'Narrativo','don_quijote_de_la_mancha.pdf','no_inferencia_parafrasis',1,11,'2025-04-15 12:16:24.409517','-Mire vuestra merced, señor, lo que dice -dijo el muchacho-, que este mi amo no es\ncaballero, ni ha recebido orden de caballería alguna, que es Juan Haldudo el rico, el vecino del\nQuintanar. -Importa poco eso -respondió don Quijote-, que Haldudos puede haber caballeros; cuanto\nmás, que\ncada uno es hijo de sus obras.','Escribe lo que entendiste del siguiente fragmento:','Que el amo del muchacho no es un caballero, a lo que don Quijote responde que eso no importa ya que las acciones de cada persona son las que los definen'),(10,'Argumentativo','educacion_tiempos_pandemia.pdf','predictiva',3,1,'2025-04-15 12:16:30.841513','Ya de alguna forma Marcelo Cabrol del Banco Interamericano de Desarrollo deja algunas reflexiones que podrían complementar la idea cuáles serán los nuevos desafíos que nos deja la pandemia de COVID 19 en el campo de la organización escolar de nuestros países, señalando los siguientes11: Protocolos de respuesta. ¿Tienen la capacidad de las escuelas de lidiar con pacientes 0?','Escribe con tus palabras la idea del siguiente fragmento:','Si, ya que las escuelas desde la pandemia se han ido preparando en el dado caso de que ocurra alguna situación similar y como poder afrontarla de la mejor manera posible'),(11,'Argumentativo','articulo_legalizacion_marihuana.pdf','asociativa',2,8,'2025-04-15 12:16:35.856935','Gráfica 5. Posturas a favor y en contra de la aprobación de iniciativas de ley que permitan el uso medicinal y recreativo de la marihuana, por grupos de edad Elaboración propia con base en la Encuesta Nacional sobre Cultura de la Legalidad y Agenda Legislativa 2019. El cruce con la escolaridad de la población también brinda un interesante hallazgo.','Escribe con tus palabras la idea del siguiente fragmento:','En este fragmento quiere relatar como la postura a favor y en contra de la aprobacion de la ley que perimitan el uso medicinal y recreativo de la marihuna. Estan divididos en las diferentes edades en base de las encuestas y como esto afecta mas a los jovenes entre 18-25 años de edad.'),(12,'Narrativo','don_quijote_de_la_mancha.pdf','predictiva',3,3,'2025-04-15 12:17:10.480433','Es verdad que, para probar si era fuerte y podía estar al riesgo de una cuchillada, sacó su\nespada y le dio dos golpes, y con el primero y en un punto deshizo lo que había hecho en una\nsemana; y no dejó de parecerle mal la facilidad con que la había hecho pedazos, y, por asegurarse\ndeste peligro, la tornó a hacer de nuevo, poniéndole unas barras de hierro por de dentro, de tal\nmanera, que él quedó satisfecho de su fortaleza y, sin querer hacer nueva experiencia della, la\ndiputó y tuvo por celada finísima de encaje.','Escribe lo que entendiste del siguiente fragmento:','Quizás la persona que acuchilló a la otra terminó arruinando su futuro, lo que había logrado en una semana antes. Algo debió suceder o alguna razón debió creer la persona que la acuchilló, porque no se sintió culpable e incluso se tornó a hacerlo de nuevo.'),(13,'Narrativo','mito_hercules.pdf','no_inferencia_parafrasis',1,12,'2025-04-15 12:18:46.456625','Esta prodigiosa cierva, consagrada a la diosa Artemisa, tenía cuernos de oro y pies de bronce. Nadie había podido jamás alcanzarla, por ser infatigable y velocísima en la carrera. Hércules tuvo que perseguirla durante un año entero. Arrastrando al cazador tras ella, la cierva llegó de una sola vez hasta la comarca de los Hiperbóreos. Allí el animal, fatigado, volvió sobre sus pasos y anduvo en sentido inverso el camino antes recorrido.','Escribe con tus palabras la idea del siguiente fragmento:','El fragmento nos relata la extraordinaria hazaña de cazar a una cierva sagrada a Artemisa, la cual presentaba rasgos sobrenaturales como cuernos de oro y pies de bronce. Debido a su inagotable energía y velocidad insuperable, nadie había logrado alcanzarla. Incluso el héroe Hércules se vio obligado a perseguirla durante todo un año. Durante esta prolongada carrera, la cierva logró llevar a Hércules hasta la lejana tierra de los Hiperbóreos, donde, al quedar exhausta, revirtió su camino y volvió por la misma ruta que había recorrido inicialmente.'),(14,'Argumentativo','columna_arte_callejero.pdf','predictiva',3,13,'2025-04-15 12:18:59.797188','Pero como he dicho\nanteriormente, lamentablemente estas instalaciones poco después de ser exhibidas son\ndesmanteladas por las autoridades. Podemos ver entonces, que el arte callejero para muchos es un sinónimo de revolución, no por nada\nse le quiere prohibir incluso por ley, por lo que es un tema que dará mucho que hablar durante un\nbuen tiempo, ya que detrás de él hay quienes seguirán luchando por que sea bien visto por la\nsociedad.','Escribe lo que entendiste del siguiente fragmento:','El fragmento habla acerca de lo que el realizar el arte urbano al tener muchas trabas, el hacerlo libremente esta prohibido por la ley, teniendo como propósito el arte dar un mensaje y este quiere ser callado. Como una manera de prohibir la libertad de expresión, siendo esta una de las mayores causas por las cuales la gente se revela en quienes los hacen callar. También menciona que posiblemente el tema perdure por la manera de pensar de las antiguas generaciones que normalmente son las que están en contra, a las nuevas generaciones que buscan que este arte se visto y reconocido para todos.'),(15,'Narrativo','harry_potter.pdf','asociativa',2,14,'2025-04-15 12:22:24.369972','—Con su mano de pala dio una palmadita sobre la mano huesuda de tía Petunia—. Pero tu hermana era la oveja negra. Siempre hay alguna, hasta en las mejores familias. Y se escapó con un gandul. Aquí tenemos el resultado. Harry miraba su plato, sintiendo un extraño zumbido en los oídos. «Sujétese la escoba por el palo. » No podía recordar cómo seguía. La voz de tía Marge parecía perforar su cabeza como un taladro de tío Vernon.','¿A qué se refiere el siguiente fragmento?:','Se refiere que estaban comentando cosas de la madre de Harry, en este momento la tía Petunia estaba de visita por lo cual Harry debía comportarse como un joven normal, sin embargo por las cosas que estaban comentando sobre su madre Harry no podía mantenerse al margen.'),(16,'Expositivo','instructivo_canva.pdf','elaborativa',3,12,'2025-04-15 12:23:37.379941','Tanto la tipografía Raleway (títulos) y Open Sans (cuerpo de texto) son alternativas a la tipografía oﬁcial Museo Sans y sólo se pueden usar en los casos excepcionales aquí descritos, es decir, no se podrán utilizar para otras piezas fuera de CANVA ni fuera del contexto de urgencia descrito en este instructivo.','Escribe lo que entendiste del siguiente fragmento:','El fragmento señala que las tipografías Raleway y Open Sans se presentan como opciones alternativas a la tipografía oficial Museo Sans, pero únicamente se pueden emplear en situaciones excepcionales tal como se explica en este instructivo. En otras palabras, su uso está restringido exclusivamente a composiciones realizadas en CANVA y solo en contextos de urgencia, no siendo permitidas para otras piezas o fuera de esos escenarios específicos.'),(17,'Descriptivo','el_dia_d.pdf','elaborativa',3,4,'2025-04-15 12:23:37.844461','Cerca de 18.000 paracaidistas, 7.000 buques de guerra y 132.000 tropas terrestres, con 875.000 soldados, formaron parte de la misión conformada. Otra operación llevada a cabo fue la denominada Neptuno, la cual fue un asalto aerotransportado llevado a cabo por mil doscientas aeronaves que fue la antesala al desembarco anfibio, que involucró a cinco mil barcos.','Escribe con tus palabras la idea del siguiente fragmento:','Una gran cantidad de tropas conformaron las diferentes operaciones. Las operaciones fueron tanto terrestres, como áereas.'),(18,'Descriptivo','una_palabra_tuya.pdf','no_inferencia_parafrasis',1,12,'2025-04-15 12:28:08.616732','Pero ya era así de pequeña, ya tenía esa verborrea que no había forma de que parase, en clase, en el camino a la escuela, en el váter, siempre hablando por lo bajo, como si no fuera capaz de encontrar el final de una historia. Y siempre echando mano de fra-\nses hechas. Eso es algo que siempre me ha puesto muy nerviosa, las frases hechas.','Escribe con tus palabras la idea del siguiente fragmento:','El fragmento describe cómo, desde pequeña, la persona ya tenía un don para hablar sin pausa: hablaba en todo momento, ya fuera en clase, camino a la escuela o incluso en el baño, como si nunca pudiera terminar una historia. Además, recurría constantemente a frases hechas, lo cual siempre me ponía muy nerviosa.'),(19,'Descriptivo','los_bosques.pdf','asociativa',2,5,'2025-04-15 12:29:44.034195','La pradera se funde con el bosque en estas áreas de transición donde los árboles están muy separados los unos de los otros. En una sabana, suele haber menos de 20 a 25 árboles por acre. El árbol más común, el roble bur, está muy bien adaptado para sobrevivir a las estaciones secas y a los incendios en la pradera.','Escribe lo que entendiste del siguiente fragmento:','Hace referencia a las zonas altas del bosque de lowe, tambien da a entender que el roble bur es de los arboles que mas estan adaptados para sobrevivir a riesgos de sequia y incendios.'),(20,'Descriptivo','analisis_mona_lisa.pdf','asociativa',2,13,'2025-04-15 12:32:09.749342','Nos consta que Leonardo no se separó nunca del cuadro; desde la fecha de su ejecución -también discutida- lo retuvo siempre con él. Esto abona la suposición que el pintor trabajó en él durante muchos años, según un concepto perfeccionista típico de su mentalidad. Su ejecución acusa ciertamente una técnica minuciosa y reiterada, en la que es imposible de distinguir la individualidad de las pinceladas. Por ello, posee una unidad difícilmente igualada en la historia de la pintura.','¿A qué se refiere el siguiente fragmento?:','Habla que el proceso de pintar La Mona Lisa fue un proceso ininterrumpido y que ese proceso sirve como justificación de su excelente trabajo, debido a que su trabajo describe perfección, y se puede apreciar en el gran manejo de su tecina de pintura donde las pinceladas se puede notar una técnica de punteo limpia.'),(21,'Descriptivo','analisis_mona_lisa.pdf','elaborativa',3,7,'2025-04-15 12:32:11.646547','Esta fama, no obstante, le ha perjudicado: la hemos visto tantas veces reproducida que nos resulta difícil considerarla como obra de un ser humano de carne y hueso en la que representó a otra persona también real. En esta obra, que nunca ha sido tasada, parte de su fama proviene de los puntos aún no aclarados.','Escribe lo que entendiste del siguiente fragmento:','La mona liza es una obra artistica que se ha visto tantas veces en muchos lugares que ya es dificil considerara como solo una obra de arte mas osea que es mas importante o interesante que las demas obras que existen, asi como esta obra es muy famosa y es conocida por todo el mundo'),(22,'Expositivo','instructivo_canva.pdf','elaborativa',3,4,'2025-04-15 12:32:33.311032','Es por esto que se recomienda el uso de CANVA sólo para instancias de este tipo. GOBIERNO DE CHILE | LINEAMIENTOS GRÁFICOS Para comenzar, solo debes crear una cuenta con tu correo profesional, iniciar sesión y comenzar a editar. ¿CÓMO CREAR UN DISEÑO DE FORMA GRATUITA? GOBIERNO DE CHILE | LINEAMIENTOS GRÁFICOS Para componer una nueva imagen, hacer click en el botón Crea un diseño y buscar/seleccionar el formato deseado.','Escribe lo que entendiste del siguiente fragmento:','Se recomienda usar CANVA para esta específica tarea. Se especifica como iniciar en esta herramienta y como empezar a utilizarla y a sus diferentes funciones.'),(23,'Descriptivo','los_bosques.pdf','asociativa',2,6,'2025-04-15 12:33:09.854706','Los pavos salvajes viven en hábitats forestales, sobre todo en aquellos donde hay árboles con frutos secos, como el roble y el nogal. Buscan frutos secos, bayas, semillas y otras plantas principalmente en el suelo. Descansan en los árboles durante la noche, pero anidan en el suelo, a menudo cerca de la base de los árboles o bajo matorrales densos.','¿A qué se refiere el siguiente fragmento?:','Se refiere a que los pavos salvajes viven en hábitats forestales en donde hay frutos secos, bayas, semillas y otras plantas principalmente del suelo, también descansan en los árboles durante la noche a menudo cerca de la base de los árboles o bajo matorrales densos.'),(24,'Descriptivo','los_bosques.pdf','elaborativa',3,9,'2025-04-15 12:34:41.355439','La vida en los bosques depende de una diversidad de plantas en diferentes capas que convierten la luz del sol en energía y mantienen la red alimentaria. Los bosques caducifolios de Iowa son ralos a principios de la primavera, pero se vuelven más densos y con sombra durante los meses de verano.','¿A qué se refiere el siguiente fragmento?:','Esta explicando la importancia de las plantas en las cadenas alimenticias, luego de eso, menciona como se comportan los bosques de lowa para poder darnos una idea de en que temporada hay más transferencia de energia'),(27,'Narrativo','don_quijote_de_la_mancha.pdf','no_inferencia_sinsentido',0,4,'2025-04-15 12:40:25.743081','Y diciendo esto fue a tener el estribo a don Quijote, el cual se apeó con mucha dificultad y\ntrabajo, como aquel que en todo aquel día no se había desayunado. Dijo luego al huésped que le tuviese mucho cuidado de su caballo, porque era la mejor pieza\nque comía pan en el mundo.','Escribe lo que entendiste del siguiente fragmento:','Con esto, don Qujote se aferró a la cordura, como nunca. Después le advirtió a la persona de su caballo.'),(29,'Descriptivo','los_bosques.pdf','predictiva',3,1,'2025-04-15 12:47:49.983888','En Iowa, sin la competencia de otras plantas ni el control de los depredadores naturales, estas plantas alteran el equilibrio del ecosistema natural y amenazan la integridad y la productividad de los bosques. Dan sombra a las plantas autóctonas del sotobosque e impiden la regeneración natural. Esta pérdida de regeneración afectará a los futuros bosques de Iowa, especialmente porque la mayoría de los árboles del estado son maduros y sobremaduros.','Escribe lo que entendiste del siguiente fragmento:','Entendi que en Iowa las plantas cuentan con un cierto equilibrio que amenazan la integridad de los bosques y puede generar ciertos problemas a lo largo'),(30,'Expositivo','carta_exposicion_motivos.pdf','asociativa',2,7,'2025-04-15 12:48:46.038787','Página 6 de 6 De igual manera, no está de mas exponer que los motivos que me llevan a aspirar a ser Comisionado del ITAIPBC es porque considero que tengo la preparación académica, una visión amplia que me ha dado mi experiencia en el sector privado y público, que los resultados obtenidos en la compleja Administración Pública Estatal, desde la creación de la Dirección de Transparencia y Acceso a la Información para un Gobierno Abierto, acreditan mis capacidades técnicas y que las medidas implementadas a través de mi gestión avala mi actuar ético e independiente, basado en resultados tangibles.','¿A qué se refiere el siguiente fragmento?:','Se refiere a que el tiene la suficiente preparacion para que pueda hacer un buen papel en el trabajo que esta buscando tener, asi como cree que tiene las capacidades para poder realizar un buen trabajo en ese puesto'),(31,'Expositivo','informe_tecnología_en_educacion.pdf','no_inferencia_parafrasis',1,6,'2025-04-15 12:49:56.856042','Quién pierde?\n2020 Inclusión y educación: Todos y todas sin excepción\n2019 Migración, desplazamiento y educación: Construyendo puentes, no muros\n(2017/8] 2017/8 Rendir cuentas en el ámbito de la educación: Cumplir nuestros compromisos\nLa Educación al servicio de los pueblos y el planeta: Crear futuros sostenibles para todos Colección Informes de Seguimiento de la EPT en el Mundo\n2000 Educación para Todos: Logros y desafíos\n2013/4 Enseñanza y aprendizaje Lograr la calidad para todos\nLos jóvenes y las competencias: Trabajar con la educación\nUna crisis encubierta: Conflictos armados y educación\n2010 Llegar a los marginados\n2009 Superar la desigualdad: Por qué es importante la gobernanza\n2015 Educación para Todos en 2015: ¿Alcanzaremos la meta?\n2007 Bases sólidas: Atención y educación de la primera infancia\n2006 La alfabetización, un factor vital\n2002 Educación para Todos: El imperativo de la calidad\n(2003/4] 2003/4 Educación para Todos: Hacia la igualdad entre los sexos\n2002 Educación para Todos: ¿Va el mundo por el buen camino?','Escribe con tus palabras la idea del siguiente fragmento:','Aquí se habla de algunos eventos que tienen fechas, en 2020 inclusión y educación, en 2019 Migración, desplazamiento y educación: Construyendo puentes, no muros, nos preguntamos, ¿va el mundo por el buen camino?'),(32,'Narrativo','cuento_de_navidad.pdf','elaborativa',3,6,'2025-04-15 12:53:31.280784','Pero antes de cerrar la pesada puerta, registró las habitaciones para ver si todo estaba en orden; precisamente deseaba hacerlo, porque persistía en él el recuerdo de aquella cara. La salita, el dormitorio, el cuarto de trastos, todo estaba normal. Nadie debajo de la mesa, nadie debajo del sofá; un poco de lumbre en la rejilla; la cuchara y la jofaina, listas; y la cacerolita, con un cocimiento (Scrooge tenía un resfriado de cabeza) junto al hogar.','¿A qué se refiere el siguiente fragmento?:','Este pasaje refleja el carácter meticuloso y cauteloso de Scrooge, quien, a pesar de la presencia de su mente perturbada por la aparición de Marley, continúa con su vida diaria sin mostrar signos de miedo más allá de la intriga momentánea.'),(37,'Descriptivo','una_palabra_tuya.pdf','no_inferencia_parafrasis',1,15,'2025-04-16 17:56:34.076977','Es un mito falso eso de que las mujeres son más limpias. No envolvían ni las compresas en la pape-\nlera. Lo hacían a propósito las muy puercas. Pero yo estuve firme, yo firme, esperando a que llegara el día en que me pudiera ir con mi paro en el bolsillo. A mi madre no la dije nada cuando me pusie-\nron en la calle para que no sufriera y para que no me diera el coñazo con su sufrimiento.','Escribe lo que entendiste del siguiente fragmento:','Es un mito falso eso de que las mujeres son más limpias. No envolvían ni las compresas en la pape- lera. Lo hacían a propósito las muy puercas. Pero yo estuve firme, yo firme, esperando a que llegara el día en que me pudiera ir con mi paro en el bolsillo. A mi madre no la dije nada cuando me pusie- ron en la calle para que no sufriera y para que no me diera el coñazo con su sufrimiento.'),(38,'Argumentativo','articulo_legalizacion_marihuana.pdf','no_inferencia_parafrasis',1,15,'2025-04-16 17:57:08.471271','Ahora bien, los perfiles de las personas a favor y en contra discrepan en aspectos muy particulares. A favor hay una proporción mayor de hombres, jóvenes entre 18 y 25 años, con mayor instrucción y de niveles socioeconómicos más altos. Mientras que, se encuentran en contra, una mayoría de adultos mayores, de mujeres, de personas con menor instrucción escolar y menor NSE.','Escribe lo que entendiste del siguiente fragmento:','Ahora bien, los perfiles de las personas a favor y en contra discrepan en aspectos muy particulares. A favor hay una proporción mayor de hombres, jóvenes entre 18 y 25 años, con mayor instrucción y de niveles socioeconómicos más altos. Mientras que, se encuentran en contra, una mayoría de adultos mayores, de mujeres, de personas con menor instrucción escolar y menor NSE.'),(39,'Argumentativo','carta_al_editor.pdf','elaborativa',3,1,'2025-04-18 14:04:54.082884','En cuanto a la respuesta institucional, se menciona que la “orientación de las acciones por parte del Estado ha estado restringida al accionar de las autoridades ambientales y esto da cuenta de la falta de planeación e integración, así como de la necesidad de acciones intersectoriales”, pero no se hace referencia a las acciones de los gobier-\nnos nacional, departamentales ni municipales afectados.','¿A qué se refiere el siguiente fragmento?:','Esto sugiere una debilidad en la articulación institucional, y refleja una posible falta de compromiso o capacidad de respuesta por parte de estos entes gubernamentales, algo que sería importante señalar o reclamar en el analisis'),(40,'Expositivo','discurso_martin_luther_king.pdf','asociativa',2,1,'2025-04-18 14:09:40.958849','\" Pero rehusamos creer que el Banco de Justicia está quebrado. Rehusamos creer que no haya suficientes fondos en las grandes bóvedas de oportunidad de este País. Y entonces hemos venido a cobrar este cheque, el cheque que nos dará sobre manera la riqueza de libertad y la seguridad de justicia. También hemos venido a este sagrado lugar para recordar a América la urgencia impetuosa de ahora.','¿A qué se refiere el siguiente fragmento?:','Se refiere a los conflictos que existen en este pais haciendo referencia como si fuera un banco, hablando de justicia y libertad, algo que el banco asegura que no hay suficientes'),(41,'Narrativo','harry_potter.pdf','no_inferencia_sinsentido',0,1,'2025-04-18 14:11:39.893590','Tío Vernon apuró la taza de té, miró el reloj y añadió: —Tengo que marcharme. El tren de Marge llega a las diez. Harry, cuya cabeza seguía en la habitación con el equipo de mantenimiento de escobas voladoras, volvió de golpe a la realidad. —¿Tía Marge? —barbotó—. No... no vendrá aquí, ¿verdad? Tía Marge era la hermana de tío Vernon.','¿A qué se refiere el siguiente fragmento?:','A que Harry estaba disociado cuando el Tio Vernon le dijo que se tenia que ir, estaba pensando en la Tia Marge la cual no fue'),(42,'Argumentativo','carta_al_editor.pdf','no_inferencia_parafrasis',1,15,'2025-04-24 10:18:51.186413','Como ya se men-\ncionó, se hace una descripción del caso de la Ciénaga Grande de Santa Marta con una descripción cualitativa de la problemática sin un ordenador específico que siga el modelo de determinantes estructurales e intermedios o las seis categorías de la metodología de las fuerzas motrices. Tampoco se mencionan cifras de morbilidad y mortalidad o de la calidad de vida en los municipios y territorios afectados.','Escribe lo que entendiste del siguiente fragmento:','Como ya se men- cionó, se hace una descripción del caso de la Ciénaga Grande de Santa Marta con una descripción cualitativa de la problemática sin un ordenador específico que siga el modelo de determinantes estructurales e intermedios o las seis categorías de la metodología de las fuerzas motrices. Tampoco se mencionan cifras de morbilidad y mortalidad o de la calidad de vida en los municipios y territorios afectados.'),(43,'Argumentativo','ensayo_ventajas_desventajas_tecnología.pdf','no_inferencia_parafrasis',1,15,'2025-04-24 10:28:28.783590','Sin embargo, a pesar de las ventajas que ha tenido la tecnología ante la emergencia sanitaria,\nse han generado desafíos en cuanto, al uso adecuado y crítico de las mismas, así como\ntambién discernir qué información es verídica y cuál no, además de acentuar las brechas\ndigitales que marcan las desigualdades sociales y económicas que existen.','Escribe lo que entendiste del siguiente fragmento:','Sin embargo, a pesar de las ventajas que ha tenido la tecnología ante la emergencia sanitaria, se han generado desafíos en cuanto, al uso adecuado y crítico de las mismas, así como también discernir qué información es verídica y cuál no, además de acentuar las brechas digitales que marcan las desigualdades sociales y económicas que existen.'),(44,'Argumentativo','columna_arte_callejero.pdf','no_inferencia_parafrasis',1,15,'2025-04-24 10:28:59.556212','El arte callejero no es sinónimo de ilegalidad - El Mercurio de los estudiantes\n1/2\nConversando con algunas personas he notado que la comunidad lo que realmente busca es no\n“arruinar” su ciudad. Ellos no quieren que las calles sean inundadas de grafittis, por esta razón están\nmayormente en contra de esta práctica.','Escribe lo que entendiste del siguiente fragmento:','El arte callejero no es sinónimo de ilegalidad - El Mercurio de los estudiantes 1/2 Conversando con algunas personas he notado que la comunidad lo que realmente busca es no “arruinar” su ciudad. Ellos no quieren que las calles sean inundadas de grafittis, por esta razón están mayormente en contra de esta práctica.'),(45,'Argumentativo','educacion_tiempos_pandemia.pdf','no_inferencia_parafrasis',1,15,'2025-04-24 10:29:22.557787','Recuperado de: publico/disrupcion-universitaria-global Fecha de consulta 29 marzo 2020 promedio mundial de 60,2 millones de maestros en el mundo tampoco pueden trabajar en las aulas.10 Por otra parte, es de gran pertinente dejar en claro que, parte de la preocupación que se logra inferir del posicionamiento de la UNESCO en esta pandemia de COVID 19, es que de manera muy oportuna señalan que cuando las escuelas cierran, el rendimiento educativo sufre ya que una interrupción de la escolarización también conduce a otras pérdidas más difíciles de medir, incluidos los inconvenientes para las familias y la disminución de la productividad económica a medida que los padres luchan por equilibrar las obligaciones laborales con el cuidado infantil, señala la agencia.','¿A qué se refiere el siguiente fragmento?:','Recuperado de: publico/disrupcion-universitaria-global Fecha de consulta 29 marzo 2020 promedio mundial de 60,2 millones de maestros en el mundo tampoco pueden trabajar en las aulas.10 Por otra parte, es de gran pertinente dejar en claro que, parte de la preocupación que se logra inferir del posicionamiento de la UNESCO en esta pandemia de COVID 19, es que de manera muy oportuna señalan que cuando las escuelas cierran, el rendimiento educativo sufre ya que una interrupción de la escolarización también conduce a otras pérdidas más difíciles de medir, incluidos los inconvenientes para las familias y la disminución de la productividad económica a medida que los padres luchan por equilibrar las obligaciones laborales con el cuidado infantil, señala la agencia.'),(46,'Expositivo','instructivo_canva.pdf','asociativa',2,13,'2025-04-24 11:17:07.327102','ÁREA ÚTIL\nGOBIERNO DE CHILE | LINEAMIENTOS GRÁFICOS Tipografía: Raleway Black\nTamaño: 61 Interletrado: -12\nInterlineado: 1\nArrastrar y dimensionar el fondo. Para que este no se deforme, utiliza\nlos vértices para agrandar o achicar. Raleway Black\nSELECCIÓN DE FONDO\nAGREGAR FORMATO DE TÍTULO\nColocar rectángulos (ubicados en la sección “Elementos”) bajo el texto a modo de subrayado. Cambiar el color en la opción e ingresar el código según lo indicado en el Manual de Normas Gráﬁcas GOB 2024.','Escribe con tus palabras la idea del siguiente fragmento:','Habla sobre como realizar en las formas gratuitas, la selección de las características de la letra como la tipografía, el tamaño, su interlineado, de una manera en la que quede con el tema a presentar sin deformarse y con el color basados en las Normas Graficas GOB 2024.'),(47,'Narrativo','cuento_de_navidad.pdf','asociativa',2,7,'2025-04-28 18:01:00.700000','Era tari larga y tan pesada como ésta hace siete Nochebuenas. Desde entonces la habéis aumentado. y es una cadena tremenda. Scrooge miró al suelo alrededor del Espectro. creyendo encontrarle rodeado por unas cincuenta o sesenta brazas de férreo cable; pero nada pudo ver. —¡Jacob —le dijo suplicante—, viejo Jacob Marley, habladme más! ¡Habladme para mi consuelo, Jacob! No tengo ninguno que dar… —replicó el Espectro—. Eso viene de otras regiones, Scrooge, y por medio de otros ministros.','¿A qué se refiere el siguiente fragmento?:','El fragmento se refiere a la cadena que lleva el espectro de Jacob Marley. Esta cadena simboliza los pecados y malas acciones que Marley cometió en vida, como su avaricia y falta de compasión. Marley explica que Scrooge también está formando una cadena similar con sus propias acciones egoístas, y que con el tiempo su cadena será aún más larga y pesada si no cambia. Scrooge, al escuchar esto, siente temor y suplica a Marley que le dé más información para buscar consuelo.'),(48,'Argumentativo','ensayo_ventajas_desventajas_tecnología.pdf','elaborativa',3,3,'2025-04-28 19:42:15.167132','La información , mantenerlos al día en estos momentos es transcendental ya que nos ayuda a\nestar informados de la situación actual, y que gracias a la nuevas tecnologías y a su sólida\nestructura en redes de difusión, la información sea más fácil de adquirir y acceder en tiempo\nreal, hace que las personas se queden conectados, para mantenerse informados a Internet , a\nla radio o a la televisión.','Escribe con tus palabras la idea del siguiente fragmento:','Gracias a la tecnología, ahora es más fácil mantenerse informado en tiempo real, lo que permite a las personas adaptarse mejor a los cambios actuales.'),(49,'Descriptivo','exposicion_paris.pdf','asociativa',2,3,'2025-04-28 20:15:46.465748','Esa de la puerta tallada de colores es Servia, de cerca de Rusia, donde hacen tapicería fina y mosaicos, y ese comedor, con su techo de aleros, es de Rumania, donde el más pobre viste de paños bordados, y comen la carne casi cruda con mucha pimienta en platos de madera, y beben leche de búfalo.','¿A qué se refiere el siguiente fragmento?:','Se refiere a los pabellones de Servia y Rumania en la Exposición de París, describiendo sus costumbres y su artesanía.'),(50,'Expositivo','informe_tecnología_en_educacion.pdf','no_inferencia_parafrasis',1,3,'2025-04-28 20:20:42.118791','Otros, como India y Suecia, han elaborado libros de texto digitales que fomentan la interactividad y el aprendizaje multimodal. Las bibliotecas digitales y los repositorios de contenido educativo, como la Biblioteca Digital Académica Nacional de Etiopía, la Biblioteca Digital Nacional de India y el Portal para Docentes de Bangladesh, ayudan a los docentes y estudiantes a encontrar materiales pertinentes.','Escribe con tus palabras la idea del siguiente fragmento:','Algunos países, como India y Suecia, han creado libros digitales interactivos, y bibliotecas virtuales que facilitan a maestros y alumnos el acceso a recursos educativos útiles.'),(51,'Descriptivo','los_bosques.pdf','asociativa',2,3,'2025-04-28 20:40:46.708875','SERIE NATURALEZA de Iowa\nDistribución de suelo en Iowa en 1830\nDistribución de suelo en Iowa en la actualidad\nBosque estatal Yellow River, condado de Allamakee\nLos ambientes y los suelos hacen que Iowa sea un terreno de transición entre los bosques caducifolios dominantes del este, los bosques mixtos de frondosas del norte y las praderas del oeste, lo que dota a todo el estado de una notable diversidad de sistemas forestales y especies arbóreas.','¿A qué se refiere el siguiente fragmento?:','El fragmento se refiere a cómo los diferentes ambientes y suelos de Iowa crean una zona de transición ecológica, combinando bosques del este, bosques mixtos del norte y praderas del oeste, lo que genera una gran diversidad de ecosistemas forestales y especies de árboles en el estado'),(52,'Argumentativo','articulo_legalizacion_marihuana.pdf','no_inferencia_parafrasis',1,2,'2025-04-28 20:46:16.001002','Posturas a favor y en contra de la aprobación de iniciativas de ley que permitan el uso medicinal y recreativo de la marihuana, por NSE Elaboración propia con base en la Encuesta Nacional sobre Cultura de la Legalidad y Agenda Legislativa 2019. En síntesis, el grupo de personas que está a favor, en comparación con el que está en contra, se caracteriza por conformarse por una mayor proporción de hombres, jóvenes, con mayor nivel de instrucción escolar y mayor NSE.','Escribe con tus palabras la idea del siguiente fragmento:','El grupo que apoya la aprobación de leyes para el uso medicinal y recreativo de la marihuana está formado mayoritariamente por hombres, personas jóvenes, con un nivel educativo más alto y pertenecientes a niveles socioeconómicos más elevados, en comparación con quienes se oponen.'),(53,'Descriptivo','exposicion_paris.pdf','no_inferencia_parafrasis',1,2,'2025-04-28 21:00:05.670965','A cada lado del jardín desde el palacio grande hasta la torre, hay otro palacio de oros y esmaltes, uno para las estatuas y los cuadros, donde están los paisajes ingleses de montes y animales, las pinturas graciosas de los italianos, con campesinos y con niños, los cuadros españoles de muertes y de guerra, con sus figuras que parecen vivas, y la historia elegante del mundo en los cuadros de Francia.','Escribe lo que entendiste del siguiente fragmento:','En la exposición hay dos palacios decorados con oro y esmaltes ubicados entre un palacio grande y una torre. En uno de ellos se encuentran estatuas y pinturas: paisajes ingleses con montañas y animales, obras italianas llenas de encanto mostrando campesinos y niños, pinturas españolas dramáticas sobre muerte y guerra con personajes muy realistas, y obras francesas que narran con elegancia la historia del mundo.'),(54,'Expositivo','instructivo_canva.pdf','elaborativa',3,2,'2025-04-28 21:08:57.292403','Panel de control de elementos\na utilizar en la composición\nSección donde podemos deﬁnir estilos de párrafo y texto. Sección donde podremos cargar imágenes y fondos para disponer en la creación de nuestras piezas. Para partir, debes importar el fondo de tu pieza (con marco GOB ya incorporado) para componer texto y/o fotos sobre ellos.','¿A qué se refiere el siguiente fragmento?:','Este fragmento describe las herramientas que aparecen en la interfaz de Canva al momento de crear un diseño gráfico. Se refiere específicamente al área desde donde puedes manejar y seleccionar diferentes elementos gráficos como formas, íconos o ilustraciones que usarás en tu diseño. También menciona una sección especial dedicada a definir y ajustar las características del texto, incluyendo el estilo, tamaño y formato de los párrafos. Por último, señala otra sección importante donde puedes subir tus propias imágenes y fondos personalizados; destacando que debes comenzar importando un fondo específico (con el marco oficial del Gobierno de Chile ya incluido) para luego colocar sobre él textos o fotografías según la composición gráfica que quieras lograr.'),(55,'Expositivo','cambio_climatico.pdf','asociativa',2,11,'2025-04-28 21:15:02.442548','En una investigación reciente publicada en Nature, se concluyó que el calentamiento global hará que los huracanes se vuelvan aún más mortales al intensificar las precipitaciones hasta en 10 % y las velocidades del viento en 40 km/hora 3. Más allá de la gravedad creciente de los hu-\nracanes, el calentamiento global significa que la tasa actual de aumento en el nivel medio global del mar es mayor que en cualquier otro momento de la historia.','¿A qué se refiere el siguiente fragmento?:','Se refiere a como un estudio revelo que como el cambio climático originado del calentamiento global afecta a fenómenos naturales como lo son los huracanes y el nivel del mar, agravando su nivel destructivo y aumento de altura respectivamente. De lo cual se puede concluir que de continuar aumentando el calentamiento global, sus efectos empeoraran en consecuencia.'),(56,'Narrativo','mito_hercules.pdf','elaborativa',3,2,'2025-04-28 21:16:21.106247','Luego, cuando por fin el monstruo se dejó ver, erguidas todas sus sibilantes cabezas, el héroe se aproximó y a mazazos intentó aplastarlas; pero de la sangre de cada cabeza magullada renacían otras dos, y de ese modo la lucha se hacía interminable. Entonces, Hércules apeló a Yolao. Este celoso servidor prendió enseguida fuego a un bosque conti¬guo y, armándose de teas, fue quemando cada una de las cabezas que renacían, impidiendo así que se desarrollaran.','Escribe con tus palabras la idea del siguiente fragmento:','El fragmento relata un momento de la lucha de Hércules contra un monstruo de múltiples cabezas. Al enfrentarlo, Hércules intentó destruirlo golpeando sus cabezas con fuerza, pero cada vez que aplastaba una, de la herida surgían dos nuevas, haciendo que la batalla se volviera interminable. La situación parecía no tener solución hasta que intervino su fiel compañero Yolao. Este, actuando con rapidez e inteligencia, encendió un bosque cercano y, utilizando antorchas encendidas, fue quemando las nuevas cabezas que brotaban antes de que pudieran desarrollarse. Gracias a esta estrategia conjunta, lograron detener el crecimiento del monstruo y avanzar en la pelea que, de otro modo, habría sido imposible de ganar solo con la fuerza física.'),(57,'Descriptivo','los_bosques.pdf','elaborativa',3,11,'2025-04-28 21:23:43.007240','El comienzo de la primavera es la mejor época para las flores silvestres en los bosques de Iowa, lo que la convierte en una de las estaciones más hermosas. Las flores efímeras de primavera florecen rápidamente y se marchitan antes de que salgan las hojas de los arbustos y los árboles, que darán sombra al suelo del bosque. Desaparecen rápidamente y se vuelven durmientes a la espera de la primavera siguiente.','Escribe lo que entendiste del siguiente fragmento:','El momento en el que se puede apreciar la belleza de la época de primavera es en sus inicios cuando flores que florecen y se marchitan rápidamente muestran sus pétalos. Este proceso ocurre antes de que los arbustos y arboles renueven sus hojas, volviendo a florecer hasta la próxima primavera de la misma manera.'),(58,'Argumentativo','columna_arte_callejero.pdf','elaborativa',3,11,'2025-04-28 21:30:58.566805','Conversando con mi profesor de artes, que además me entero que es un muralista callejero, cuando\nle pregunté qué opina del arte urbano se mostró apasionado en la respuesta, la cual puedo resumir\nen que el arte callejero, como lo dice la palabra, es un tipo de arte aplicado en las calles de una\nciudad, aunque muchas veces es aplicado ilegalmente, y eso es algo que perjudica mucho al arte\ncallejero, al aplicarlo ilegalmente baja su reputación considerablemente.','Escribe lo que entendiste del siguiente fragmento:','A pesar de que el arte callejero es considerado ilegal y existe una opinión dividida en cuanto a si se le considera una expresión artística en toda la extensión de la frase, es, la mayoría de las veces ejercido de manera ilegal, lo que lleva a un daño en la reputación de esta practica. Se puede inferir que es una forma de arte reprimida debido a las implicaciones que esta conlleva.'),(59,'Descriptivo','los_bosques.pdf','elaborativa',3,8,'2025-04-28 21:33:31.354206','Una gran diversidad de especies silvestres, desde mariposas y polillas hasta aves y mamíferos, dependen de las diferentes especies de robles para obtener alimento y refugio, lo que los hace sumamente valiosos para la fauna. Es probable que haya más mariposas y polillas que necesiten más de los robles que de cualquier otro tipo de árboles.','¿A qué se refiere el siguiente fragmento?:','El fragmento se refiere a la importancia de los robles en los ecosistemas, ya que muchas especies de mariposas, polillas, aves y mamíferos dependen de ellos para obtener alimento y refugio'),(60,'Expositivo','discurso_martin_luther_king.pdf','asociativa',2,8,'2025-04-28 21:43:26.630450','Ahora es el momento de hacer realidad las promesas de Democracia; ahora es el momento de salir del obscuro y desolado valle de la segregación al camino alumbrado de la justicia racial; ahora es el momento de sacar nuestro País de las arenas movedizas de la injusticia racial, a la piedra sólida de la hermandad; ahora es el momento de hacer de la justicia una realidad para todos los hijos de Dios.','¿A qué se refiere el siguiente fragmento?:','Se refiere a que ya es momento de luchar en serio por la justicia e igualdad para todos, sin esperar mas'),(61,'Narrativo','don_quijote_de_la_mancha.pdf','no_inferencia_parafrasis',1,8,'2025-04-28 21:53:31.214641','Díjole como ya le había dicho que en aquel\ncastillo no había capilla, y para lo que restaba de hacer tampoco era necesaria, que todo el toque de\nquedar armado caballero consistía en la pescozada y en el espaldarazo, según él tenía noticia del\nceremonial de la orden, y que aquello en mitad de un campo se podía hacer, y que ya había\ncumplido con lo que tocaba al velar de las armas, que con solas dos horas de vela se cumplía,\ncuanto más que él había estado más de cuatro.','Escribe con tus palabras la idea del siguiente fragmento:','Le explicó que no era necesario tener una capilla para armarlo caballero, que bastaba con darle un golpe y un espaldarazo, y que ya había cumplido con velar sus armas porque había pasado más del tiempo necesario.'),(62,'Argumentativo','bullying.pdf','no_inferencia_parafrasis',1,15,'2025-05-03 15:13:28.260185','Por ejemplo, el Estudio Australiano sobre la Prevalencia del Acoso Solapado (Australian Covert Bullying Prevalence Study-ACBPS), una encuesta nacional a estudiantes de edades comprendidas entre los 9 y 15 años, en colegios de primaria y secundaria de todo el país, arrojó un alto índice de peleas que a menudo tenían lugar entre compañeros. Se preguntó a los estudiantes con cuánta frecuencia durante el curso acosaban a otro estudiante o grupos de estudiantes y/o cuantas veces fueron ellos objeto de acoso.','Escribe lo que entendiste del siguiente fragmento:','Por ejemplo, el Estudio Australiano sobre la Prevalencia del Acoso Solapado (Australian Covert Bullying Prevalence Study-ACBPS), una encuesta nacional a estudiantes de edades comprendidas entre los 9 y 15 años, en colegios de primaria y secundaria de todo el país, arrojó un alto índice de peleas que a menudo tenían lugar entre compañeros. Se preguntó a los estudiantes con cuánta frecuencia durante el curso acosaban a otro estudiante o grupos de estudiantes y/o cuantas veces fueron ellos objeto de acoso.'),(63,'Descriptivo','exposicion_paris.pdf','no_inferencia_parafrasis',1,15,'2025-05-06 12:52:49.530250','Y delante de la gran fuente, donde van por el agua los hombres y mujeres que los poetas de antes dicen que hubo en la mar, las nereidas y los tritones, llevando en hombros, como si fueran en triunfo, la barca donde, en figuras de héroes y heroínas, el progreso, la ciencia, y el arte dan vivas a la república, sentada más alta que todos, que levanta la antorcha encendida sobre sus alas.','Escribe lo que entendiste del siguiente fragmento:','Y delante de la gran fuente, donde van por el agua los hombres y mujeres que los poetas de antes dicen que hubo en la mar, las nereidas y los tritones, llevando en hombros, como si fueran en triunfo, la barca donde, en figuras de héroes y heroínas, el progreso, la ciencia, y el arte dan vivas a la república, sentada más alta que todos, que levanta la antorcha encendida sobre sus alas.'),(64,'Argumentativo','columna_arte_callejero.pdf','elaborativa',3,16,'2025-05-07 10:46:57.817681','El arte callejero no es sinónimo de ilegalidad\r\nPor Colegio Santa Teresita Diario El Tatio - 31 octubre, 2018\r\nAutor: Gabriel García Araya\r\nDiario El Tatio, Colegio Santa Teresita\r\nTodos recordamos alguna vez en la que hemos ido\r\ncaminando por la calle y de la nada nos hemos quedado\r\ncontemplando y analizando un “grafitti” o un mural.','Escribe lo que entendiste del siguiente fragmento:','El arte callejero es algo que las personas pueden apreciar, ayuda la reflexión de las realidades que se expresan con el arte callejero.'),(65,'Descriptivo','analisis_mona_lisa.pdf','asociativa',2,16,'2025-05-07 15:15:54.913892','Nos consta que Leonardo no se separó nunca del cuadro; desde la fecha de su ejecución -también discutida- lo retuvo siempre con él. Esto abona la suposición que el pintor trabajó en él durante muchos años, según un concepto perfeccionista típico de su mentalidad. Su ejecución acusa ciertamente una técnica minuciosa y reiterada, en la que es imposible de distinguir la individualidad de las pinceladas. Por ello, posee una unidad difícilmente igualada en la historia de la pintura.','¿A qué se refiere el siguiente fragmento?:','Se refiere al cuadro de la mona lisa y al mito de hay detrás de ella, de su origen y su creación.'),(66,'Expositivo','discurso_martin_luther_king.pdf','elaborativa',3,16,'2025-05-08 10:14:00.405034','Entonces les digo a ustedes, mis amigos, que aunque nosotros enfrentemos las dificultades de hoy y de mañana, aún yo tengo un sueño. Es un sueño profundamente arraigado en el sueño Americano, que un día esta nación surgirá y vivirá verdaderamente de su credo, \"nosotros mantenemos estos derechos patentes, que todo hombre es creado igual.','Escribe lo que entendiste del siguiente fragmento:','Es el sueño de Martin Luther King, una nación en la que la discriminación, el racismo, y la segregación contra la población negra sea totalmente dejada atrás y por fin poder lograr una nación en la que se respete a cada individuo independientemente de su ascendencia, esto es básicamente el deseo de que el sueño americano sea uno en el que la igualdad e igualdad de derechos estén incluidos.'),(67,'Narrativo','harry_potter.pdf','elaborativa',3,16,'2025-05-08 15:20:49.134254','Harry se sentó entre Dudley y tío Vernon, un hombre corpulento, robusto, que tenía el cuello corto y un enorme bigote. Lejos de desearle a Harry un feliz cumpleaños, ninguno de los Dursley dio muestra alguna de haberse percatado de que Harry acababa de entrar en la cocina, pero él estaba demasiado acostumbrado para ofenderse. Se sirvió una tostada y miró al presentador de televisión, que informaba sobre un recluso fugado.','Escribe con tus palabras la idea del siguiente fragmento:','bueno, creo que quieren dar la idea de que el tío Vernon es alguien grosero y con carente aprecio por Harry, el cual solo lo cuida por ser su único pariente vivo de Harry.'),(68,'Argumentativo','educacion_tiempos_pandemia.pdf','asociativa',2,16,'2025-05-08 15:55:27.030473','Partiendo del argumento anterior, la prueba Gaokao considerada una evaluación educativa de las más exigentes del mundo, podría aplazarse debido a lo que Marín se empeña en denominar como… una ausencia de enseñanza de principios y estrategias que permitan afrontar los riesgos que conllevan las nuevas realidades sociales… debiendo de considerar que si el avance del COVID 19 continua, se debe prolongar más tiempo el cierre de las escuelas, impidiendo la aplicación de dicho examen, perjudicando con ello a gran parte de la comunidad educativa de china.','¿A qué se refiere el siguiente fragmento?:','Se refiere a como el covid-19 afectó gravemente el ámbito educativo de las comunidades, sobre todo con la prolongación del cierre de las escuelas.'),(69,'Argumentativo','carta_al_editor.pdf','elaborativa',3,16,'2025-05-14 10:44:59.177576','De esta manera, “se abren las puertas a otras formas de hablar, escribir o pensar nuestro mundo”.1\n1 Eduardo Gudynas , Buen vivir: Germinando alternativas al desarrollo, nas.com/publicaciones/articulos/GudynasBuenVivirGerminandoALAI11.pdf\nCarga de enfermedad ambiental en Colombia\nInforme técnico especial 10 Observatorio Nacional de Salud\nInstituto Nacional de Salud\nInformes/10%20Carga%20de%20enfermedad%20\nambiental%20en%20Colombia.pdf\nRev. Acad. Colomb. Cienc. Ex. Fis. Nat.','Escribe lo que entendiste del siguiente fragmento:','Son referencias y citas de la información del texto que habla sobre Colombia y la relación a la salud y al ambiente.'),(70,'Descriptivo','una_palabra_tuya.pdf','elaborativa',3,16,'2025-05-14 10:51:37.886182','Su tío Cosme, el titular del taxi, creía que sí que lo tenía. Yo le decía, tía, un día te vas a buscar una bien gorda y se la vas a buscar de rebote a tu tío tam-\nbién, y ella me contestaba, pero vamos a ver, ¿tú es que te crees que toda la gente que va en coche aho-\nra mismo por Madrid tiene carné?','Escribe con tus palabras la idea del siguiente fragmento:','La idea es que el tío discute con el personaje protagonista'),(71,'Argumentativo','educacion_tiempos_pandemia.pdf','elaborativa',3,19,'2025-05-21 12:15:52.009838','Recuperado de: Fecha de consulta 27 marzo 2020 8 Información cifrada de Fecha de consulta 23 marzo Siendo para muchos países, una situación incontenible la problemática de salud del COVID 19, se rescata el provechoso aporte del impoluto Secretario Académico de la Universidad de Guadalajara, el doctor Carlos Iván Moreno Arellano, el cual compartía bajo la premisa de una Disrupción Universitaria Global, la visión que con el COVID 19 las universidades a nivel global han llegado a su “Tipping Point” -el punto de quiebre- donde los cambios disruptivos son inaplazables y deben ser rápidos.','Escribe lo que entendiste del siguiente fragmento:','Habla del punto de quiebre y acciones rapidas que debian de haber tomado las universidades en la cuestion del covid'),(72,'Descriptivo','el_dia_d.pdf','elaborativa',3,19,'2025-05-21 12:21:03.472850','En el lugar, la defensa alemana era firme y por ello se debieron crear dos muelles artificiales, denominados Mulberry, y una serie de carros de combate, que se emplearían para sortear los obstáculos en las playas. Para conseguir este objetivo, se necesitaría una gran cantidad de recursos. Las fábricas británicas aumentaron la producción y aproximadamente 9 millones de toneladas de suministros y equipos estadounidenses cruzaron el Atlántico hasta el Reino Unido.','¿A qué se refiere el siguiente fragmento?:','El texto habla de el desembarco de normandia, el fragmento habla de la creacion de muellos artificiales tras la resistencia alemana'),(73,'Argumentativo','columna_arte_callejero.pdf','elaborativa',3,36,'2025-05-21 12:23:46.798288','El arte callejero no es sinónimo de ilegalidad - El Mercurio de los estudiantes\n1/2\nConversando con algunas personas he notado que la comunidad lo que realmente busca es no\n“arruinar” su ciudad. Ellos no quieren que las calles sean inundadas de grafittis, por esta razón están\nmayormente en contra de esta práctica.','¿A qué se refiere el siguiente fragmento?:','A pesar de que el arte callejero no implica el acto de vandalizar o realizar algo ilegal, hay cierta cantidad de personas que no están de acuerdo con este tipo de expresión.'),(74,'Argumentativo','articulo_legalizacion_marihuana.pdf','asociativa',2,40,'2025-05-21 12:24:06.958518','De acuerdo con el Informe sobre el consumo de drogas en las Américas 2019, el consumo de marihuana en México es más alto entre los hombres que entre las mujeres y más frecuente entre la población adulta joven.5 Con estos datos se podría conjeturar que, al menos en cuanto a este par de características sociodemográficas (sexo y edad), la aceptación mayoritaria de aprobar las iniciativas que permiten su uso, proviene de quienes más la consumen.','¿A qué se refiere el siguiente fragmento?:','El fragmento se refiere a que las personas que consumen más marihuana en México específicamente los hombres y los adultos jóvenes son también quienes más apoyan su legalización.'),(75,'Argumentativo','columna_arte_callejero.pdf','elaborativa',3,34,'2025-05-21 12:24:57.838727','Conversando con mi profesor de artes, que además me entero que es un muralista callejero, cuando\nle pregunté qué opina del arte urbano se mostró apasionado en la respuesta, la cual puedo resumir\nen que el arte callejero, como lo dice la palabra, es un tipo de arte aplicado en las calles de una\nciudad, aunque muchas veces es aplicado ilegalmente, y eso es algo que perjudica mucho al arte\ncallejero, al aplicarlo ilegalmente baja su reputación considerablemente.','Escribe con tus palabras la idea del siguiente fragmento:','El arte callejero es un tipo de arte el cual se aplica en las calles de una ciudad, aunque la mayor parte del tiempo las personas que realizan este arte lo hacen de manera ilegal, lo que provoca una mala reputación al arte callejero'),(76,'Expositivo','informe_tecnología_en_educacion.pdf','elaborativa',3,19,'2025-05-21 12:25:12.455414','Sin embargo, en las evaluaciones no siempre se aísla el impacto de la tecnología en una intervención, por lo que resulta difícil atribuir efectos positivos exclusivamente a la tecnología, y no a otros factores, como el tiempo de enseñanza adicional, los recursos o el apoyo docente. Las empresas tecnológicas pueden ejercer una influencia desproporcionada en la presentación de pruebas. Por ejemplo, Pearson financió varios estudios para refutar análisis independientes donde se demostraba que sus productos no tenían ninguna incidencia.','¿A qué se refiere el siguiente fragmento?:','El texto habla de la tecnologia y la educacion, mientras el fragmento habla de como es que no necesariamente buenos resultados o males se deben atribuir a la tecnologia'),(77,'Narrativo','leyenda_llorona.pdf','no_inferencia_parafrasis',1,32,'2025-05-21 12:26:44.402081','Los más animosos apenas se atrevían a seguirla a larga distancia, aprovechando la claridad de la luna, sin lograr otra cosa que verla desaparecer en llegando al lago, como si se sumergiera entre las aguas, y no pudiéndose averiguar más de ella, e ignorándose quién era, de dónde venía y a dónde iba, se le dio el nombre de La Llorona.','Escribe con tus palabras la idea del siguiente fragmento:','Los más escépticos muy dificilmente se atrevían a seguirla de lejos, donde gracias a la luz de la luna lograban verla desaparecer al llegar al lago como si hubiera sido tragada por el, todos ignoraban quien era, de donde venia o que queria, y fue bautizada como La Llorona.'),(78,'Argumentativo','bullying.pdf','elaborativa',3,18,'2025-05-21 12:27:00.834747','Los niños que pertenecen a grupos concretos, como minorías étnicas, y aquellos que sufren alguna discapacidad suelen ser especialmente vulnerables al acoso. La orientación sexual de los adolescentes también puede convertirles en objetivo. Por ejemplo, un estudio en el Reino Unido encontró que entre el 30% y el 50% de los estudiantes de secundaria que se sentían atraídos por personas de su mismo sexo sufrían acoso homofóbico.','¿A qué se refiere el siguiente fragmento?:','El fragmento habla de cómo ciertos niños y adolescentes son más propensos a sufrir bullying solo por ser diferentes. Menciona que pertenecer a una minoría étnica, tener una discapacidad o ser parte de la comunidad LGBT puede hacerlos blanco fácil de burlas, exclusión o violencia. Incluso da un dato fuerte: en el Reino Unido, hasta la mitad de los estudiantes que se sienten atraídos por su mismo sexo han sufrido acoso homofóbico. En muy pocas palabras, muestra cómo la diferencia, en lugar de respetarse, muchas veces se convierte en motivo de agresión.'),(79,'Argumentativo','ensayo_ventajas_desventajas_tecnología.pdf','no_inferencia_parafrasis',1,27,'2025-05-21 12:28:56.169704','Las desventajas anteriormente mencionadas son algunas de las repercusiones que hay a través\nde la tecnología a causa de la pandemia mundial, por la cual estamos pasando. Conclusiones\nFinalmente podemos concluir que la tecnología es una gran herramienta, que a lo largo de la\nhistoria ha evolucionado, de tal manera que el ser humano a través de ella ha encontrado la\nsolución para satisfacer sus necesidades.','Escribe con tus palabras la idea del siguiente fragmento:','Se mencionaron algunas desventajas en vatios ámbitos con respecto al uso de la tecnología a raíz de la Pandemia. Y también que la tecnología a través de los años le ha servido a la humanidad para resolver problemáticas o satisfacer necesidades.'),(80,'Argumentativo','ensayo_ventajas_desventajas_tecnología.pdf','asociativa',2,31,'2025-05-21 12:29:03.469768','Sin duda alguna, nuestras rutinas y nuestra reflexión hacia la vida en\ncomparación del antes y el después de la pandemia han cambiado drásticamente. Trayendo consigo incalculables ventajas, que no son para nada desconocidas, sin embargo, en\nsituaciones tan excepcionales como la que estamos viviendo, su capacidad de influencia es\nmasiva.','¿A qué se refiere el siguiente fragmento?:','El fragmento se refiere a los conocidos cambios que hemos sufrido como sociedad gracias al COVID-19, modificando nuestra forma de vida en comparación del antes y después de la pandemia.'),(81,'Narrativo','leyenda_llorona.pdf','elaborativa',3,19,'2025-05-21 12:29:05.394745','La tradición es, por consiguiente, remotísima; persistía a la llegada de los castellanos conquistadores y tomada ya la ciudad azteca por ellos y muerta años después doña Marina, o sea la Malinche, contaban que ésta era La Llorona, la cual venía a penar del otro mundo por haber traicionado a los indios de su raza, ayudando a los extranjeros para que los sojuzgasen.','Escribe lo que entendiste del siguiente fragmento:','El texto habla acerca de la leyenda de la llorona en la epoca del virreinato, mientras que el fragmento habla en parte de la leyenda tradicional, que estima que la malinche era la llorona, cuyo motivo de llorar era su traicion'),(82,'Argumentativo','articulo_legalizacion_marihuana.pdf','predictiva',3,30,'2025-05-21 12:29:52.645864','Sin embargo, hay otras opiniones, aunque minoritarias, que son importantes e 4.4%\n15.8%\n11.4%\n17.7%\n20.4%\n26.2%\n4.1%\n1.0%\n9.8%\n8.4%\n14.6%\n21.9%\n35.9%\n8.4%\nAB\nC+\nC\nC-\nD+\nD\nE\nA Favor\nEn Contra\ninteresantes: un sector de quienes apoyan la legalización afirma que esto ayudaría a reducir la violencia en el país, pues acotaría el poder que tiene el narco, no obstante, entre las personas que rechazan esta medida legislativa hay quienes prevén un efecto justamente contrario: que genere más violencia y más delincuentes.','Escribe con tus palabras la idea del siguiente fragmento:','Existen diferentes posturas frente a la legalización de la marihuana, donde un cierto numero de personas concluye que al legalizarla se le disminuíra el poder al narcotraficado, mientras que otro cierto numero de personas cree que solo incrementará su consumo, trayendo consigo situaciones como violencia y delincuencia.'),(83,'Argumentativo','ensayo_ventajas_desventajas_tecnología.pdf','elaborativa',3,23,'2025-05-21 12:29:57.650030','Aunque el uso de herramientas tecnológicas en la vida cotidiana no sean algo nuevo, pues\ndesde hace años han sido usadas por la sociedad en bibliotecas digitales, en clases online,\nconferencias\nvirtuales\ny\ntodo\ntipo\nde\nred\nde\ndifusión\npara\nla comunicación, su\nimplementación en la vida en cuanto a actividades que se realizan presencialmente; puede ser\npoco conocida y empleada.','Escribe lo que entendiste del siguiente fragmento:','Las herramientas tecnológicas son conocidas, pero su aplicación de forma presencial no tanto'),(84,'Argumentativo','articulo_legalizacion_marihuana.pdf','asociativa',2,25,'2025-05-21 12:30:06.561931','Ahora bien, los perfiles de las personas a favor y en contra discrepan en aspectos muy particulares. A favor hay una proporción mayor de hombres, jóvenes entre 18 y 25 años, con mayor instrucción y de niveles socioeconómicos más altos. Mientras que, se encuentran en contra, una mayoría de adultos mayores, de mujeres, de personas con menor instrucción escolar y menor NSE.','Escribe con tus palabras la idea del siguiente fragmento:','Que las personas mas jovenes tienen conflictoscon personas mayores, mujeres o personas con menor instruccion escolar.'),(85,'Argumentativo','columna_arte_callejero.pdf','elaborativa',3,35,'2025-05-21 12:31:03.297061','He visto al señor trabajar en las figuras, realmente es maravilloso ver todo lo que se puede llegar a\ncrear con materiales reciclables o con simple basura, a todas las figuras se les puede dar un hermoso\nsignificado que nos hace reflexionar, me parece que es una muy buena forma de crear conciencia\nsobre lo que realmente es el arte urbano y todos los beneficios que trae consigo.','Escribe con tus palabras la idea del siguiente fragmento:','El arte urbano es una forma de expresar los sentimientos de una persona o grupo de ellas con los elementos de la propia ciudad donde vivan, el impacto de la misma va anexo a que incluso con materiales considerados como \"basura\" se puede llegar a cargar con un gran significado a una pieza recién creada. Esto no solo permite darnos cuenta que no importa con qué materiales contemos, sino que con que le demos significado especial a las cosas, éstas contarán con un mayor peso para nosotros e incluso para las demás personas.'),(86,'Descriptivo','los_bosques.pdf','elaborativa',3,18,'2025-05-21 12:31:49.018239','En las pendientes orientadas al sur, el entorno es más seco y cálido, lo cual resulta ideal para muchos robles y nogales americanos. Bosques de tierras bajas\nLos bosques de tierras bajas se encuentran en el fondo húmedo de los barrancos y junto a arroyos y ríos, zonas que suelen inundarse periódicamente.','Escribe lo que entendiste del siguiente fragmento:','El fragmento explica cómo el tipo de vegetación cambia según el lugar y las condiciones del entorno. Por ejemplo, en las laderas que están orientadas al sur, el clima tiende a ser más seco y cálido, lo que favorece a ciertos árboles como los robles y los nogales americanos, que se adaptan bien a ese tipo de ambiente. Por otro lado, los bosques de tierras bajas se encuentran en zonas más húmedas, como los fondos de barrancos o cerca de ríos y arroyos. Estas áreas suelen inundarse de forma periódica, lo que genera un ecosistema distinto, donde crecen especies que necesitan más agua o que resisten mejor la humedad constante. El tipo de vegetación depende mucho de la orientación del terreno y de la cantidad de agua disponible.'),(87,'Argumentativo','ensayo_ventajas_desventajas_tecnología.pdf','elaborativa',3,22,'2025-05-21 12:31:57.418852','¿Qué información es verídica?, con la llegada de la pandemia la información se convirtió\nen algo sumamente importante, para no estar en la incertidumbre de lo desconocido, sin\nembargo, a pesar de que existan fuentes confiables y verdaderas, no toda la información que\nencontramos lo es, lo que genera desconocimiento de la verdad, siendo causante de\nproblemas de salud, pánico y desorden a causa de la desinformación.','Escribe con tus palabras la idea del siguiente fragmento:','Describe uno de los principales retos de la tecnología actualmente, es decir, la desinformación, actualmente existen mucha información erronea, denominada \"fake news\", la cuál es importante distinguir de la información verdadera en internet, es una de las limitantes en el mundo actual, adicional a eso, la tecnología y la inteligencia artificial hacen mas fácil que este tipo de noticias se reproduzcan y compartan con muchos usuarios en un periodo corto de tiempo.'),(88,'Descriptivo','una_palabra_tuya.pdf','elaborativa',3,36,'2025-05-21 12:33:33.127410','Y como me so-\nbraba tiempo, quince minutos, paró el taxi en el parque del Templo de Debod, y dijo, este reen-\ncuentro lo vamos a celebrar, y se lio un porro. Yo no fumo. Vamos, no me habré fumado más de treinta porros en mi vida, pero dije, vale, a ver si se me hace más llevadera la mañana.','Escribe con tus palabras la idea del siguiente fragmento:','Tras los sucesos ocurridos aún había tiempo para una parada, un momento para relajarse y apreciar el reencuentro entre las dos.'),(89,'Descriptivo','analisis_mona_lisa.pdf','elaborativa',3,25,'2025-05-21 12:34:36.921119','Nos consta que Leonardo no se separó nunca del cuadro; desde la fecha de su ejecución -también discutida- lo retuvo siempre con él. Esto abona la suposición que el pintor trabajó en él durante muchos años, según un concepto perfeccionista típico de su mentalidad. Su ejecución acusa ciertamente una técnica minuciosa y reiterada, en la que es imposible de distinguir la individualidad de las pinceladas. Por ello, posee una unidad difícilmente igualada en la historia de la pintura.','Escribe con tus palabras la idea del siguiente fragmento:','Leonardo tenia mucho aprecio por el cuadro de la Monalisa, tanto que nunca se separo del mismo, y siempre buscaba  la perfeccion en sus obras como lo fue la Monalisa.'),(90,'Expositivo','instructivo_canva.pdf','asociativa',2,18,'2025-05-21 12:35:13.799023','En caso de no encontrar la opción, seleccionar “Tamaño personalizado” y utilizar las siguientes dimensiones:\nInstagram 1080x1080 px /\n1080x1350 px\nInstagram 1080x1920 px Story Facebook 1080x1080 px\nX (Twitter) 1080x1080 px /\n1080x600 px #173277\n#0f69b4\n#3cb9f7\nColores base\nFondos\nManual\n#e8385f\nAcento\n#215ace\n#ea7a85\n#53ccf4\n#ddeﬀb\nFormato PPT\nFormato Word\nMANUAL DE COMUNICACIÓN VISUAL\nRuta a Manual de Lineamientos Gráﬁcos GOB:\nLineamientos de Identidad Visual Gobierno de Chile\nPara más información sobre contenidos, plantillas y variación de tamaño de láminas según cantidad de gráﬁcas, descarga el manual “Recomendaciones para redes sociales gubernamentales\" disponible en:\nGOBIERNO DE CHILE | LINEAMIENTOS GRÁFICOS Opción para añadir colaboradores\na la edición de la composición\nOpción para guardar o compartir la imagen una vez ﬁnalizada\nEfectos\nOpción para añadir más páginas (por ejemplo, en el caso de un carrusel de Instagram)\nAl hacer click en esta ﬂecha, se abrirá la vista general de nuestras páginas y podremos agregar animación de transiciones si así lo deseamos.','¿A qué se refiere el siguiente fragmento?:','El fragmento se refiere a instrucciones específicas para diseñar contenido en Canva siguiendo ciertos lineamientos visuales del Gobierno de Chile. Menciona qué hacer si no se encuentra una plantilla predeterminada: usar un tamaño personalizado dependiendo de la red social (como Instagram o Facebook), y también se indican los códigos de colores base y de acento a utilizar. Además, se mencionan opciones dentro de Canva como agregar páginas (útil para carruseles), aplicar efectos o animaciones, y colaborar con otras personas en la edición. También se señala dónde encontrar más información y el manual completo con recomendaciones para redes sociales gubernamentales.'),(91,'Descriptivo','una_palabra_tuya.pdf','elaborativa',3,31,'2025-05-21 12:35:22.567351','Esa nueva madre que fue mi madre, la vieja que se metía en el armario empotrado, la frutilla seca, había olvidado su antigua actitud, todos sus des-\nplantes anteriores y la llamaba hija y le acariciaba la cara. Yo, sinceramente, y no sé si se me puede entender sin juzgarme como una canalla, pero consideraba un fracaso que fuera Milagros la que nos estuviera cuidando.','Escribe con tus palabras la idea del siguiente fragmento:','Del fragmento se entiende que la persona tiene un gran resentimiento hacia Milagros, debido a que temía que la consideraran canalla al expresar lo que sentía sobre ella. Se puede inferir que en el pasado Milagros ha cometido muchos errores al cuidar de sus hijos, pero que recientemente ha decidido olvidar su pasado y esforzarse para ser una nueva madre para sus hijos por esto la frase \"Esa nueva madre que fue mi madre\".'),(92,'Descriptivo','el_dia_d.pdf','elaborativa',3,24,'2025-05-21 12:36:22.335765','El desembarco de Normandía A 75 años del Desembarco en Normandía, recordamos la importancia que tuvo este hecho en el desarrollo de la Segunda Guerra Mundial. En efecto, la llegada de las tropas aliadas a las costas de Normandía fue uno de los elementos clave que permitió a los Aliados ganar la guerra.','Escribe lo que entendiste del siguiente fragmento:','Que el suceso que se narra en el texto (el desembardo de normandía) fue una pieza clave para que los aliados pudieran ganar la segunda guerra mundial a Alemania.'),(93,'Descriptivo','analisis_mona_lisa.pdf','elaborativa',3,23,'2025-05-21 12:37:06.549162','Todo esto parece un tanto misterioso, y así es, realmente, el efecto propio de toda gran obra de arte. Sin embargo, Leonardo pensó conscientemente cómo conseguir ese efecto y por qué medios. Vio claramente un problema que la conquista de la Naturaleza había planteado a los artistas; un problema no menos intrincado que el de combinar correctamente el dibujo con la composición armónica.','Escribe lo que entendiste del siguiente fragmento:','Leonardo planeo las herramientas para lograr los efectos en la pintura, y resolvio el problema de combinar de manera correcta la compsosición y el dibujo'),(94,'Argumentativo','educacion_tiempos_pandemia.pdf','asociativa',2,21,'2025-05-21 12:38:23.170420','Aun y cuando la misma directora general de la UNESCO Audrey Azoulay, informaba en medio de la crisis mundial desatada por el coronavirus, ellos trabajan con todos los países miembros de la ONU para asegurar la continuidad del aprendizaje para todos, especialmente los niños y jóvenes desfavorecidos que tienden a ser los más afectados por el cierre de escuelas. 7 JABONERO M. (marzo 26, 2020).','Escribe lo que entendiste del siguiente fragmento:','Se refiere a que la directora general estaba en el centro de las cámaras como la voz principal ante todos los acontecimientos actuales referentes al COVID-19 en esas fechas, sin embargo, al mismo tiempo que esta se encargaba de ser la cara principal de la UNESCO frente al mundo, trabajaba dialogando con los países que conforman la ONU en pos de solucionar el problema del aplazamiento de la educación que desfavorecía a gran parte de la población estudiantil'),(95,'Narrativo','leyenda_llorona.pdf','elaborativa',3,18,'2025-05-21 12:38:24.952657','\" Tal es en pocas palabras la genuina tradición popular que durante más de tres centurias quedó grabada en la memoria de los habitantes de la ciudad de México y que ha ido borrándose a medida que la sencillez de nuestras costumbres y el candor de la mujer mexicana han ido perdiéndose.','Escribe con tus palabras la idea del siguiente fragmento:','El fragmento expresa que la leyenda de la Llorona fue, durante más de trescientos años, una parte muy importante de la tradición oral en la Ciudad de México. Era una historia que formaba parte de la vida cotidiana, algo que la gente conocía y compartía. Sin embargo, con el paso del tiempo y los cambios en la forma de vivir y pensar (particularmente en cómo han cambiado las costumbres y la imagen tradicional de la mujer mexicana), esa conexión con la leyenda se ha ido debilitando. Es como si con la modernidad se estuviera perdiendo también parte del valor simbólico y emocional que tenía esta historia para generaciones pasadas.'),(96,'Expositivo','instructivo_canva.pdf','elaborativa',3,25,'2025-05-21 12:38:27.522943','Estas guías se utilizan en el caso de post verticales de Instagram (1080x1350 px) en donde tanto la parte superior como la inferior se cortarán al mostrar la previsualización de la pieza en el feed. Por lo mismo, es importante considerar que todo diseño y contenido deben estar dentro del área delimitada por las guías. Si se necesita poner más guías, seguir los mismos pasos descritos.','Escribe lo que entendiste del siguiente fragmento:','Dentro de Canva existe la funcionalidad para hacer post verticales de (1080x1350 px) por lo que Instagram tiende a recortar o cortar una parte del post para mostrarlo en el feed, lo que sugiere que debemos de considerar que el diseño o contenido que vayamos a hacer este dentro del área marcada por las guías que Instagram sugiere.'),(97,'Expositivo','carta_exposicion_motivos.pdf','elaborativa',3,36,'2025-05-21 12:39:51.278379','II.- En Protección de Datos Personales: a) Se brindaron en el 2018 una serie de capacitaciones técnicas respecto a la protección de datos personales y de la elaboración de avisos de privacidad Página 4 de 6 a 557 servidores públicos, adelantándonos un año al programa establecido por el ITAIPBC; y b) Dado el punto anterior, a la fecha, la mayoría de las dependencias de la administración publica estatal ya cuenta con sus avisos de privacidad.','¿A qué se refiere el siguiente fragmento?:','Expone los aportes realizados con respecto a la protección de datos personales y su cumplimento con las distintas dependencias.'),(98,'Descriptivo','los_bosques.pdf','elaborativa',3,17,'2025-05-21 12:39:51.641036','A medida que el agua circula más lentamente, los sedimentos (la tierra arrastrada por el agua) se depositan en lugar de continuar aguas abajo como contaminante. Por último, los bosques de Iowa ayudan a reducir el impacto del cambio climático mediante la captura de dióxido de carbono. Además de esto, generan oxígeno y mejoran la calidad del aire. Los bosques ayudan a mantener las vías fluviales en buenas condiciones.\n1.','¿A qué se refiere el siguiente fragmento?:','Los bosques en llanuras aluviales ralentizan la circulación de agua durante las inundaciones, ya que esta debe desplazarse alrededor de los árboles, esto es util para el impacto en el bosque ya que muchos de los bosques se enfrentan a inundaciones repentinas regulares y, en ocasiones, a inundaciones por largos períodos.'),(99,'Descriptivo','exposicion_paris.pdf','elaborativa',3,27,'2025-05-21 12:39:55.202688','El chino ligero, que vive de pescado y arroz, hace su casa de tabla y de bambú. El japonés vive tallando el marfil, en sus casas de estera y tabloncillo. Allí se ve donde habitan ahora los pueblos salvajes, el esquimal en su casa redonda de hielo, en su tienda de pieles pintadas el indio norteamericano: pintadas de animales raros y hombres de cara redonda, como los que pintan los niños.','¿A qué se refiere el siguiente fragmento?:','Describe aspectos característicos del estilo de vida y cultura en varias personas de diferentes países: Chinos, japoneses, esquimales y Estados Unidos'),(100,'Expositivo','cambio_climatico.pdf','elaborativa',3,18,'2025-05-21 12:40:06.003334','Debe tenerse en cuenta que la población estadounidense de 65 años o más casi se duplicará de 48 a 88 millones entre el período del 2015 al 2050. Si bien la salud siempre ha sido afectada por el clima, es el cambio en su variabilidad lo que constituye una amenaza significativa para la salud humana. La industria de la atención en salud, el segundo mayor contaminante de gases Petrone P\nRev Colomb Cir.','Escribe con tus palabras la idea del siguiente fragmento:','El fragmento destaca dos aspectos importantes relacionados con la salud y el cambio climático. Primero, advierte sobre el crecimiento acelerado de la población adulta mayor en Estados Unidos, que pasará de 48 a 88 millones entre 2015 y 2050. Este cambio demográfico implica una mayor demanda de servicios de salud y una población más vulnerable a los efectos del clima. En segundo lugar, aunque el clima siempre ha tenido un impacto en la salud humana, lo que ahora preocupa es la variabilidad y la intensificación de los cambios climáticos (como olas de calor más frecuentes, eventos extremos o nuevas enfermedades), que representan una amenaza más seria. Por último, el texto señala una contradicción importante: el sistema de salud, que debería proteger a la población, es a la vez uno de los mayores emisores de gases contaminantes, lo que contribuye al problema del cambio climático que, a su vez, afecta la salud de todos.'),(101,'Argumentativo','educacion_tiempos_pandemia.pdf','no_inferencia_sinsentido',0,39,'2025-05-21 12:40:13.722472',': Recuperado de: bits-blog/educar-en-tiempos-de-crisis Fecha de consulta 25 marzo 2020 para ayudarnos, entre todos, a pensar en un mundo postcrisis que, con toda certeza, será muy distinto al actual”.7 Siguiendo el mismo orden de ideas, se ha considerado de suma relevancia evidenciar el planteamiento oficial de la Organización de Naciones Unidas para los fines académicos del presente documento, por lo que la indagar la postura de la ONU, al respecto manifestaba que debido al cierre de escuelas en cien países para buscar contener la propagación de COVID-19 , un estimado de 850 millones de estudiantes en el mundo se quedaron sin clases debido a que estas cien naciones cerraron las escuelas, una cifra jamás antes vista, lo que motivo a la rápida intervención la Organización de las Naciones Unidas para la Educación, la Ciencia y la Cultura, al brindar apoyo inmediato a los Gobiernos, con medidas como la educación a distancia inclusiva para hacerle frente al COVID 19.8 En la postura sostenida por la UNESCO dicha institución apoya la implementación de programas de educación a distancia a gran escala y recomienda aplicaciones y plataformas educativas abiertas que las escuelas y los maestros pueden utilizar para llegar a los alumnos de forma remota.','¿A qué se refiere el siguiente fragmento?:','Que dado a la pandemia muchas escuelas tuvieron que cerrar las escuelas, y al cerrar las escuelas los alumnos se quedaron sin clases. Para resolver este problema implementaron herramientas para dar clases a distancia y que los alumnos no se queden si aprender. Estas herramientas son faciles de usar para alumnos y maestros.'),(102,'Descriptivo','el_dia_d.pdf','asociativa',2,40,'2025-05-21 12:40:58.593440','El desembarco de Normandía A 75 años del Desembarco en Normandía, recordamos la importancia que tuvo este hecho en el desarrollo de la Segunda Guerra Mundial. En efecto, la llegada de las tropas aliadas a las costas de Normandía fue uno de los elementos clave que permitió a los Aliados ganar la guerra.','¿A qué se refiere el siguiente fragmento?:','El desembarco de Normandía, el texto habla sobre acontecimiento historico que paso durante la segunda guerra mundial en 1944, al cual dio lugar en la costa de Normandía, apodado como el día D, el desembarco se recuerda como una de las operaciones navales, aéreas y terrestres, más grande de la historia. Su nombre clave fue Overlord.'),(103,'Expositivo','instructivo_canva.pdf','predictiva',3,23,'2025-05-21 12:40:59.589159','Tanto la tipografía Raleway (títulos) y Open Sans (cuerpo de texto) son alternativas a la tipografía oﬁcial Museo Sans y sólo se pueden usar en los casos excepcionales aquí descritos, es decir, no se podrán utilizar para otras piezas fuera de CANVA ni fuera del contexto de urgencia descrito en este instructivo.','¿A qué se refiere el siguiente fragmento?:','La tipografia ralway se usa para titulos y open sans para cuerpos de textos, solo se utilizaran fuera de canva.'),(104,'Expositivo','discurso_martin_luther_king.pdf','elaborativa',3,18,'2025-05-21 12:41:13.370962','\" Nunca podremos estar satisfechos mientras que el Negro sea víctima de horrores indescriptibles de brutalidad policial; nunca podremos estar satisfechos mientras que nuestros cuerpos, pesados por la fatiga de viajar, no podemos alojarnos en los moteles de las carreteras y en los hoteles de las ciudades; no podremos estar satisfechos mientras que la movilidad básica del Negro es de un barrio pequeño a uno más grande; nunca podremos estar satisfechos mientras que nuestros hijos están despojados de su personalidad y robados de su dignidad por un letrero escrito \"Sólo Para Blancos,\" no podremos estar satisfechos mientras que el Negro de Mississippi no pueda votar y el Negro de New York crea que no tiene nadie por quién votar.','¿A qué se refiere el siguiente fragmento?:','Este poderoso fragmento del discurso \"Tengo un sueño\" de Martin Luther King Jr. es una denuncia directa y apasionada contra las múltiples formas de injusticia y discriminación racial que enfrentaban los afroamericanos en Estados Unidos durante la década de 1960. A través de una serie de ejemplos concretos y contundentes, King señala que no puede haber satisfacción ni descanso mientras persistan estas desigualdades profundamente arraigadas.\r\n\r\nEn primer lugar, se refiere a la brutalidad policial, una de las manifestaciones más crudas del racismo institucional, en la que los afroamericanos eran constantemente víctimas de violencia injustificada por parte de las autoridades, muchas veces sin consecuencias para los agresores. Este tipo de violencia no solo era física, sino también simbólica, ya que reflejaba que la vida de una persona negra valía menos para el sistema.\r\n\r\nLuego, hace alusión a la exclusión en el ámbito de la vida cotidiana, como la imposibilidad de alojarse en hoteles o moteles simplemente por el color de piel. Esto representa un racismo estructural que limitaba la libertad de movimiento y la dignidad de las personas negras, quienes no solo eran tratadas como ciudadanos de segunda clase, sino que se les negaban servicios básicos durante actividades tan comunes como viajar.\r\n\r\nCuando menciona la “movilidad básica del Negro de un barrio pequeño a uno más grande”, está criticando cómo la supuesta libertad de los afroamericanos era ilusoria. Aunque podían moverse físicamente, sus oportunidades estaban limitadas dentro de una estructura social que restringía su ascenso económico y social. Cambiar de barrio no era sinónimo de progreso real, porque seguían enfrentando las mismas barreras y estigmas.\r\n\r\nTambién señala cómo los niños afroamericanos crecían en un entorno que los marcaba desde temprana edad con letreros de segregación racial como “Sólo Para Blancos”. Esto no solo era humillante, sino que también tenía efectos psicológicos profundos: les robaba su sentido de identidad, valor y dignidad, haciéndoles sentir que no eran merecedores de los mismos derechos y oportunidades que los demás.\r\n\r\nPor último, Martin Luther King Jr. expone la paradoja del sistema democrático estadounidense: en Mississippi, uno de los estados más represivos, muchos afroamericanos ni siquiera podían ejercer su derecho al voto debido a leyes y prácticas discriminatorias. Y en Nueva York, aunque el derecho al voto sí existía formalmente, muchos negros se sentían tan desilusionados y olvidados por el sistema político que pensaban que no valía la pena votar, porque ninguno de los candidatos los representaba verdaderamente.'),(105,'Argumentativo','articulo_legalizacion_marihuana.pdf','elaborativa',3,29,'2025-05-21 12:42:44.041222','Evidentemente la legalización de la marihuana para fines medicinales y recreativos tiene diversas implicaciones, sin embargo, es importante partir de estas cuestiones básicas en lo que respecta a la opinión pública, mismas que forman parte de los insumos para que legisladoras y legisladores tomen las mejores decisiones para los y las habitantes del país en lo que a este tema se refiere.','¿A qué se refiere el siguiente fragmento?:','Que el uso de la marihuana implica mas cosas, como por ejemplo la formas de consumirla, la frecuencia de los consumidores, etc.. es importante tomar en cuenta estas implicaciones.'),(106,'Expositivo','carta_exposicion_motivos.pdf','elaborativa',3,18,'2025-05-21 12:42:52.590228','III.- En Gobierno Abierto: a) Se creo un micrositio de Gobierno Abierto de la Secretaria de la Contraloría y Transparencia Gubernamental1 que busca ser un punto de encuentro entre la ciudadanía y gobierno, en el cual se recepciones ideas, comentarios y sugerencias y a su vez sea un especio para que las personas interesadas en los temas de transparencia, rendición de cuentas y anticorrupción encuentren estudios, notas y demás documentos sobre dichos temas; cabe hacer mención que dicho micrositio fue pionero en el país adelantándonos mas de un año a la herramienta lanzada por el INAI; b) A fin de fomentar la participación ciudadana se creo la “Jornada contra la Corrupción en BC”, el cual ha servido de foro para el intercambio de ideas entre gobierno, ciudadanos, academia, sectores civiles y empresariales, y el cual también fue pionero en su tipo; c) El poder ejecutivo estatal se sumó a la celebración del Open Gov Week, realizándose diversos talleres y platicas.','Escribe lo que entendiste del siguiente fragmento:','Este fragmento describe varias acciones concretas que se han llevado a cabo dentro del marco del Gobierno Abierto, con el objetivo de promover la transparencia, la participación ciudadana y la lucha contra la corrupción. Las iniciativas detalladas reflejan un esfuerzo por construir un vínculo más directo entre el gobierno y la sociedad civil, además de posicionar a la entidad como pionera en el país en algunos de estos esfuerzos.\r\n\r\nPrimero, se menciona la creación de un micrositio de Gobierno Abierto por parte de la Secretaría de la Contraloría y Transparencia Gubernamental. Este sitio web tiene como propósito principal convertirse en un espacio de diálogo y colaboración entre la ciudadanía y el gobierno. Funciona como una plataforma abierta donde las personas pueden compartir ideas, comentarios y sugerencias, y al mismo tiempo, acceder a información útil relacionada con temas de transparencia, rendición de cuentas y combate a la corrupción. Es importante destacar que este micrositio no solo cumple una función informativa, sino que también actúa como una herramienta de empoderamiento ciudadano, ya que proporciona acceso a estudios, notas y documentos relevantes que permiten a los usuarios involucrarse de manera informada. Además, el texto señala con orgullo que este micrositio fue el primero en su tipo en todo el país, adelantándose incluso a una plataforma similar lanzada posteriormente por el INAI (Instituto Nacional de Transparencia, Acceso a la Información y Protección de Datos Personales), lo que subraya su carácter innovador y visionario.\r\n\r\nEn segundo lugar, con el fin de fortalecer la participación ciudadana, se implementó la “Jornada contra la Corrupción en Baja California”. Este evento ha servido como un foro inclusivo donde diferentes actores de la sociedad —como ciudadanos, representantes del gobierno, académicos, organizaciones civiles y empresarios— pueden reunirse a intercambiar ideas y propuestas. Lo relevante aquí es que no se trata solo de una actividad simbólica, sino de un ejercicio activo de diálogo y reflexión, que ha permitido visibilizar el problema de la corrupción desde múltiples perspectivas y generar propuestas para combatirla. Además, al igual que el micrositio, esta jornada también fue pionera en su tipo, lo que refuerza la imagen de un gobierno comprometido con la apertura e innovación institucional.\r\n\r\nFinalmente, el fragmento menciona la participación del poder ejecutivo estatal en la iniciativa internacional “Open Gov Week”, una semana dedicada a promover los principios del gobierno abierto a nivel mundial. Durante esta celebración, se llevaron a cabo talleres y pláticas, lo cual demuestra que el estado no solo busca liderar a nivel nacional, sino también alinearse con las tendencias y estándares internacionales en materia de gobernanza abierta, colaborativa y transparente. Al involucrarse en este tipo de eventos, el gobierno muestra su intención de mantenerse actualizado y participar activamente en espacios globales de diálogo y aprendizaje.'),(107,'Argumentativo','articulo_legalizacion_marihuana.pdf','elaborativa',3,26,'2025-05-21 12:42:57.490864','Mientras que, entre quienes están a favor 20% son jóvenes de entre 18 y 25 años, y una proporción similar tiene 56 años o más, de los que se muestran en contra, el grupo de los más jóvenes se reduce a 15% y el de los de mayor edad incrementa a 24% (Gráfica 5).','¿A qué se refiere el siguiente fragmento?:','La mayoría de los jóvenes y adultos están de acuerdo en legalizar la marihuana. Por otro lado, de los que están en contra hay menos jóvenes que están en contra a comparación de los adultos.'),(108,'Narrativo','harry_potter.pdf','no_inferencia_sinsentido',0,23,'2025-05-21 12:43:06.710462','Tropezó con el baúl. Alargó el brazo para impedir la caída, la varita salió despedida de la mano y él aterrizó junto al bordillo de la acera. Sonó un estruendo y Harry se tapó los ojos con las manos, para protegerlos de una repentina luz cegadora... Dando un grito, se apartó rodando de la calzada justo a tiempo.','¿A qué se refiere el siguiente fragmento?:','Harry se tropezo con el baul y puso sus manos para evitar su caida, al hacerlo solto su varita y el cayo en el bodillo, despues se escucho un ruido fuerte y harryn creyo que seria una luz cegadora, despues de eso se fue rodando'),(109,'Argumentativo','educacion_tiempos_pandemia.pdf',NULL,NULL,28,'2025-05-21 12:43:20.454509','Saber enseñar la comprensión El primer saber (afrontar las incertidumbres) estipula que en innumerables momentos y ante infinidad de situaciones, hemos sentido incertidumbre frente a lo inesperado, y es que precisamente lo incierto suele darle al hecho educativo una perspectiva de inseguridad y vulnerabilidad que desboca el desequilibrio e inestabilidad.','Escribe con tus palabras la idea del siguiente fragmento:',NULL),(110,'Argumentativo','educacion_tiempos_pandemia.pdf','elaborativa',3,33,'2025-05-21 12:43:37.950176','Esto se demuestra en la intervención del Secretario General de la OEI, Mariano Jabonero, quien en sus propias palabras considera que: “En momentos en los que se han limitado derechos fundamentales, como son la libre circulación o el derecho de reunión, debemos aunar esfuerzos para promover apoyos concretos para millones de niños y niñas que confiaron en que la escuela era parte imprescindible de su futuro y que hoy se encuentran fuera de ella.','¿A qué se refiere el siguiente fragmento?:','Debido a la pandemia, los niños no tiene acceso a al educación, por lo cual se deb buscar maneras para que la educación llegue a todos los niños.'),(111,'Expositivo','informe_tecnología_en_educacion.pdf','elaborativa',3,18,'2025-05-21 12:44:01.548739','El uso de tecnología en las aulas y en el hogar por parte del alumnado puede provocar distracciones y, por consiguiente, entorpecer el aprendizaje. Un metaanálisis de estudios sobre el uso de teléfonos móviles por parte de estudiantes y su impacto en los resultados educativos, que abarcaba alumnado desde preprimaria hasta educación superior de 14 países, mostró un pequeño efecto negativo y otro mayor a nivel universitario.','¿A qué se refiere el siguiente fragmento?:','Este fragmento aborda los efectos que puede tener el uso de tecnología, en particular los teléfonos móviles, en el proceso de aprendizaje de los estudiantes. Se señala que, aunque los dispositivos tecnológicos están cada vez más presentes tanto en la escuela como en casa, su uso no siempre resulta positivo. De hecho, pueden convertirse en una fuente de distracción que interfiere directamente con la capacidad de atención, la concentración y, en consecuencia, con el rendimiento académico.\r\n\r\nEl texto menciona un metaanálisis —es decir, un estudio que reúne y analiza los resultados de múltiples investigaciones previas— que examinó esta relación entre el uso de teléfonos móviles y el desempeño educativo. Este análisis abarcó estudiantes desde niveles muy tempranos, como preprimaria, hasta la universidad, en 14 países distintos, lo cual le da un carácter amplio y global a sus conclusiones. Los resultados indican que, en general, el efecto negativo del uso del celular en el aprendizaje es pequeño, pero se vuelve más significativo en el ámbito universitario. Esto sugiere que, a medida que los estudiantes ganan más independencia y menos supervisión directa, el riesgo de que la tecnología afecte su rendimiento aumenta.\r\n\r\nEn otras palabras, el fragmento advierte que, si bien la tecnología puede ser una herramienta útil en el ámbito educativo, su mal uso o uso excesivo —especialmente para actividades que no están relacionadas con el estudio, como redes sociales o entretenimiento— puede dificultar el aprendizaje, particularmente en los niveles superiores de formación donde los estudiantes tienen mayor autonomía.'),(112,'Narrativo','harry_potter.pdf','no_inferencia_parafrasis',1,25,'2025-05-21 12:45:40.387991','Un extraño cosquilleo en la nuca le provocaba la sensación de que lo estaban vigilando, pero la calle parecía desierta y no brillaba luz en ninguna casa. Volvió a inclinarse sobre el baúl y casi inmediatamente se incorporó de nuevo, todavía con la varita en la mano. Más que oírlo, lo intuyó: había alguien detrás de él, en el estrecho hueco que se abría entre el garaje y la valla. Harry entornó los ojos mientras miraba el oscuro callejón.','Escribe lo que entendiste del siguiente fragmento:','Que sentia cosquillas en la parte de la cabeza que es la nuca y eso le daba una sensación de que podria ser que lo estuvieran vigilando, pero no habia nadie en la calle tanto que parecia desierta y ademas no brillaba ninguna luz en ninguna casa, lo que significa que todos probablemente estaban dormidos, despues sintio que alguien estaba detras de el y que probablemente habia un hueco abriendose detras entre el garaje y la valla.'),(113,'Narrativo','don_quijote_de_la_mancha.pdf','no_inferencia_parafrasis',1,23,'2025-05-21 12:46:39.427723','Pero acordándose que el valeroso Amadís\nno sólo se había contentado con llamarse «Amadís» a secas, sino que añadió el nombre de su reino\ny patria, por hacerla famosa, y se llamó «Amadís de Gaula», así quiso, como buen caballero, añadir\nal suyo el nombre de la suya y llamarse «don Quijote de la Mancha», con que a su parecer\ndeclaraba muy al vivo su linaje y patria, y la honraba con tomar el sobrenombre della.','¿A qué se refiere el siguiente fragmento?:','amadís agreo a su nombre amadís de gaula  y añadio el nombre a la suya y llamarla don Quijote de la Mancha para dejar vivo su linaje y patria'),(114,'Argumentativo','articulo_legalizacion_marihuana.pdf','elaborativa',3,38,'2025-05-21 12:46:45.695329','Con este estudio se pretende contestar qué proporción de la ciudadanía acepta ambos usos y qué proporción los rechaza; cuáles son las razones sobre las que descansa una y otra posturas; y qué características tiene la población que está a favor, por un lado, y cuáles los que están en contra, por otro. El documento se divide en tres partes. Se inicia por una descripción detallada de las fuentes de información y la metodología empleada.','Escribe lo que entendiste del siguiente fragmento:','Es una explicación del objetivo del estudio y una descripción sobre las aspectos que se tomaron en cuenta para el análisis del mismo, incluyendo las características de los encuestados y las posibles razones para estar a favor o en contra. Por último, se explica como esta dividido principalmente el documento.'),(115,'Descriptivo','analisis_mona_lisa.pdf','asociativa',2,21,'2025-05-21 12:47:04.570502','La serena majestuosidad de La Gioconda, que en otros pintores es imposición del cliente, es en Leonardo el resultado de sus especulaciones filosóficas sobre el alma humana. No recurre ni a la actitud sofisticada, ni al lujo de los vestidos, sino, simplemente, a la profundización de la idea de belleza, a través del juego de luces y sombras en suave transición y de la disposición serena de la actitud.','Escribe con tus palabras la idea del siguiente fragmento:','Se refiere a que aunque en otras obras de arte de otros pintores la forma en que estas son desarrolladas y pintadas tienden a ser completamente la opinión del cliente y de la forma en que lo pidan, con Leonardo es distinto, no se trata de las restricciones que le colocan sus clientes sino meramente su forma de ver la belleza del ser humano, no lo adorna y decora con tantos detalles al borde de volverlo falso, en su lugar se centra en lo hermoso del entorno y la naturaleza de la persona en la imagen'),(116,'Narrativo','mito_hercules.pdf','no_inferencia_parafrasis',1,23,'2025-05-21 12:48:28.027694','Dicho esto, descendió Zeus una noche a la ciudad de Tebas. Allí, en magnífico palacio, habitaba la reina Alcmena, que descollaba entre todas las mujeres fértiles por la belleza de sus ojos y la nobleza de su elevada estatura. Su esposo, el rey Anfitrión, se encontraba ausente debido a la guerra. Entonces Zeus, para lograr acercarse a Alcmena sin despertar sospechas, tomó los rasgos del propio Anfitrión y como tal se presentó ante el portero de palacio.','Escribe con tus palabras la idea del siguiente fragmento:','Zeus bajo a Tebas, donde vivía la reina Alcmena, Zeus para acercarse tomo los rasgos del rey anfitrión.'),(117,'Expositivo','instructivo_canva.pdf','elaborativa',3,27,'2025-05-21 12:48:36.517545','LINEAMIENTOS GRÁFICOS ancho: 950 alto: 344\nArrastrar y dimensionar foto,\ncuidando que no toque ni quede bajo el texto. Seleccionar fotografía y redondear esquinas 15 puntos. REDONDEAR VÉRTICES DE FOTO\nEn caso de necesitar ediciones de luz en la fotografía,\nseleccione la imagen y haga click en “Editar la foto”\nGOBIERNO DE CHILE | LINEAMIENTOS GRÁFICOS Para descargar la imagen, hacer click en la opción “Compartir”. Luego, buscar la opción “Descargar” y administrar las preferencias de descarga.','Escribe lo que entendiste del siguiente fragmento:','Se describen aspectos de edición que se pueden implementar en el editor de Canva, específicamente aspectos que se pueden aplicar a imágenes o \"fotos\": las dimensiones, redondear vértices y ediciones de luz. También se menciona el procedimiento para descargar la imagen.'),(118,'Narrativo','cuento_de_navidad.pdf','elaborativa',3,36,'2025-05-21 12:48:41.398456','—¿Queréis guardar el anónimo? —Quiero que me dejéis en paz —dijo Scrooge—. Puesto que me preguntáis lo que quiero, señores. ésa es mi respuesta. Yo no celebro la Navidad. y no puedo contribuir a que se diviertan los vagos; ayudo a sostener los establecimientos de que os he hablado… y que cuestan bastante; y quienes estén mal en ellos, que se vayan a otra parte. —Muchos no pueden, y otros muchos preferirán morir.','¿A qué se refiere el siguiente fragmento?:','Scrooge por fuera no tiene deseos de celebrar navidad, prefiere quedarse en soledad y seguir metido en sus trabajos. Alejando a las personas cercanas a él.'),(119,'Narrativo','leyenda_llorona.pdf','elaborativa',3,23,'2025-05-21 12:49:42.819830','XI), refiere que entre muchos augurios o señales con que se anunció la Conquista de los españoles, el sexto pronóstico fue \"que de noche se oyeran voces muchas veces como de una mujer que angustiada y con lloró decía: \"¡Oh, hijos míos!, ¿dónde os llevaré para que no os acabéis de perder?\".','Escribe con tus palabras la idea del siguiente fragmento:','Durante la conquista de los españoles se advirtió de voces que se escucharían de noche diciendo \"!Oh, hijos míos!'),(120,'Expositivo','informe_tecnología_en_educacion.pdf','elaborativa',3,40,'2025-05-21 12:52:23.824478','Los estudios que utilizan datos del PISA sugieren una relación negativa entre el uso de las TIC y los resultados académicos de los estudiantes una vez que se supera un umbral de uso moderado. La percepción de los docentes es que el uso de tabletas y teléfonos dificulta la gestión del aula.','Escribe lo que entendiste del siguiente fragmento:','Lo que entendí del fragmento es que el uso excesivo de tecnología como tabletas y teléfonos puede afectar negativamente el aprendizaje de los estudiantes.'),(121,'Expositivo','informe_tecnología_en_educacion.pdf','elaborativa',3,21,'2025-05-21 12:53:00.600456','Puede requerir que el alumnado aprenda de manera individual o en grupo; en línea o sin conexión a internet; de forma independiente o interconectada. Ofrece contenidos, crea comunidades estudiantiles y conecta a docentes con estudiantes. Proporciona acceso a la información. Puede utilizarse para el aprendizaje formal o informal y evaluar lo que se ha aprendido. Se emplea como una herramienta para favorecer la productividad, la creatividad, la comunicación, la colaboración, el diseño y la gestión de datos.','Escribe con tus palabras la idea del siguiente fragmento:','Habla sobre las distintas formas en las que se puede aplicar la educación por medio del uso de la tecnología, es decir, da a entender como el uso de la misma ayuda a darle una gran flexibilidad a la enseñanza además de tener la capacidad de ser usada como un punto de recopilación de la información que puede ser consultada por cualquiera. En resumen, nos da pie a comprender que la tecnología es una herramienta con muchas utilidades'),(122,'Descriptivo','analisis_mona_lisa.pdf','elaborativa',3,33,'2025-05-21 12:53:09.850091','Todo esto parece un tanto misterioso, y así es, realmente, el efecto propio de toda gran obra de arte. Sin embargo, Leonardo pensó conscientemente cómo conseguir ese efecto y por qué medios. Vio claramente un problema que la conquista de la Naturaleza había planteado a los artistas; un problema no menos intrincado que el de combinar correctamente el dibujo con la composición armónica.','¿A qué se refiere el siguiente fragmento?:','Encontró una solución para que las pinturas no tuvieran esa regidez, que no parecieran copias, y se sintieran como si respiraban'),(123,'Narrativo','leyenda_llorona.pdf',NULL,NULL,17,'2025-05-21 12:54:44.208849','La tradición es, por consiguiente, remotísima; persistía a la llegada de los castellanos conquistadores y tomada ya la ciudad azteca por ellos y muerta años después doña Marina, o sea la Malinche, contaban que ésta era La Llorona, la cual venía a penar del otro mundo por haber traicionado a los indios de su raza, ayudando a los extranjeros para que los sojuzgasen.','¿A qué se refiere el siguiente fragmento?:',NULL),(124,'Narrativo','harry_potter.pdf','asociativa',2,27,'2025-05-21 12:55:19.296270','Había infringido tan gravemente el Decreto para la moderada limitación de la brujería en menores de edad que estaba sorprendido de que los representantes del Ministerio de Magia no se hubieran presentado ya para llevárselo. Le dio un escalofrío. Miró a ambos lados de la calle Magnolia. ¿Qué le sucedería? ¿Lo detendrían o lo expulsarían del mundo mágico? Pensó en Ron y Hermione, y aún se entristeció más.','Escribe lo que entendiste del siguiente fragmento:','Es en el momento que Harry tiene miedo de las consecuencias de haber usado magia fuera de Hogwarts siendo un menor de edad. Entre sus miedos era no saber que pasaría, o si había la posibilidad de que lo expulsaran y no ver a sus dos amigos de nuevo.'),(125,'Expositivo','instructivo_canva.pdf',NULL,NULL,33,'2025-05-21 12:55:34.086732','En caso de no encontrar la opción, seleccionar “Tamaño personalizado” y utilizar las siguientes dimensiones:\nInstagram 1080x1080 px /\n1080x1350 px\nInstagram 1080x1920 px Story Facebook 1080x1080 px\nX (Twitter) 1080x1080 px /\n1080x600 px #173277\n#0f69b4\n#3cb9f7\nColores base\nFondos\nManual\n#e8385f\nAcento\n#215ace\n#ea7a85\n#53ccf4\n#ddeﬀb\nFormato PPT\nFormato Word\nMANUAL DE COMUNICACIÓN VISUAL\nRuta a Manual de Lineamientos Gráﬁcos GOB:\nLineamientos de Identidad Visual Gobierno de Chile\nPara más información sobre contenidos, plantillas y variación de tamaño de láminas según cantidad de gráﬁcas, descarga el manual “Recomendaciones para redes sociales gubernamentales\" disponible en:\nGOBIERNO DE CHILE | LINEAMIENTOS GRÁFICOS Opción para añadir colaboradores\na la edición de la composición\nOpción para guardar o compartir la imagen una vez ﬁnalizada\nEfectos\nOpción para añadir más páginas (por ejemplo, en el caso de un carrusel de Instagram)\nAl hacer click en esta ﬂecha, se abrirá la vista general de nuestras páginas y podremos agregar animación de transiciones si así lo deseamos.','Escribe lo que entendiste del siguiente fragmento:',NULL),(126,'Narrativo','cuento_de_navidad.pdf','elaborativa',3,40,'2025-05-21 12:56:43.521997','Si tales fantasmas se desvanecieron en la niebla, o la niebla los amortajó, no podría decirlo Sçrooge. Pero ellos y sus voces sobrenaturales se perdieron juntos, y la noche volvió a ser como cuando llegó a su casa. Cerró Scrooge la ventana y examinó la puerta por donde había entrado el Espectro. Estaba cerrada con dos vueltas de llave, como él la cerró con sus propias manos, y los cerrojos sin señal de violencia.','Escribe lo que entendiste del siguiente fragmento:','Lo que entendí del fragmento es que Scrooge acaba de tener una experiencia sobrenatural con fantasmas, pero no sabe con certeza si desaparecieron en la niebla o si la niebla los cubrió. Todo volvió a la normalidad y revisó la puerta por donde entró el espectro, confirmando que seguía cerrada como él la había dejado, lo que le hace dudar de lo que vivió. Intenta convencerse de que no fue real, pero ni siquiera logra decir su frase típica (\"¡Paparruchas!\"). Finalmente, agotado por lo que vivió, se acuesta sin cambiarse y se duerme de inmediato.'),(127,'Narrativo','cuento_de_navidad.pdf','no_inferencia_parafrasis',1,15,'2025-05-22 10:50:05.328229','El alcalde de la ciudad, en la fortaleza de la poderosa Mansion-House, daba órdenes a sus cincuenta cocineros y reposteros para celebrar la Navidad de una manera digna de la casa de un alcalde, y hasta el sastrecillo, que había sido multado con cinco chelines el lunes anterior por estar borracho y sentirse escandaloso en las calles, preparaba en su guardilla la confección del pudding del día siguiente, mientras su flaca esposa iba con el nene a comprar la carne indispensable.','Escribe con tus palabras la idea del siguiente fragmento:','El alcalde de la ciudad, en la fortaleza de la poderosa Mansion-House, daba órdenes a sus cincuenta cocineros y reposteros para celebrar la Navidad de una manera digna de la casa de un alcalde, y hasta el sastrecillo, que había sido multado con cinco chelines el lunes anterior por estar borracho y sentirse escandaloso en las calles, preparaba en su guardilla la confección del pudding del día siguiente, mientras su flaca esposa iba con el nene a comprar la carne indispensable.'),(128,'Descriptivo','analisis_mona_lisa.pdf','no_inferencia_parafrasis',1,15,'2025-05-22 10:52:39.989262','La figura de la mujer, en efecto, está totalmente construida por la luz que la inviste, la rodea, la penetra; la luz progresa desde el fondo, ralentizando paulatinamente el ritmo de su vibración, y se concreta en la transparencia de los velos, en los pliegues del vestido, entre los cabellos, y, finalmente, resbala sobre el rostro y las manos haciendo sentir, bajo la piel diáfana, el cálido y secreto pulso de la sangre.','Escribe lo que entendiste del siguiente fragmento:','La figura de la mujer, en efecto, está totalmente construida por la luz que la inviste, la rodea, la penetra; la luz progresa desde el fondo, ralentizando paulatinamente el ritmo de su vibración, y se concreta en la transparencia de los velos, en los pliegues del vestido, entre los cabellos, y, finalmente, resbala sobre el rostro y las manos haciendo sentir, bajo la piel diáfana, el cálido y secreto pulso de la sangre.'),(129,'Expositivo','informe_tecnología_en_educacion.pdf','no_inferencia_parafrasis',1,15,'2025-05-22 10:53:08.324211','El equipo del Informe de Seguimiento de la Educación en el Mundo se ha encargado de elegir y exponer los hechos recogidos en este Informe y es responsable de las opiniones que en él se expresan, que no son necesariamente las de la UNESCO y no comprometen a la Organización. El Director del Informe asume la responsabilidad general de los pareceres y las opiniones que se expresan en él.','¿A qué se refiere el siguiente fragmento?:','El equipo del Informe de Seguimiento de la Educación en el Mundo se ha encargado de elegir y exponer los hechos recogidos en este Informe y es responsable de las opiniones que en él se expresan, que no son necesariamente las de la UNESCO y no comprometen a la Organización. El Director del Informe asume la responsabilidad general de los pareceres y las opiniones que se expresan en él.'),(130,'Expositivo','carta_exposicion_motivos.pdf','no_inferencia_parafrasis',1,15,'2025-05-22 10:54:34.292088','II.- En Protección de Datos Personales: a) Se brindaron en el 2018 una serie de capacitaciones técnicas respecto a la protección de datos personales y de la elaboración de avisos de privacidad Página 4 de 6 a 557 servidores públicos, adelantándonos un año al programa establecido por el ITAIPBC; y b) Dado el punto anterior, a la fecha, la mayoría de las dependencias de la administración publica estatal ya cuenta con sus avisos de privacidad.','Escribe con tus palabras la idea del siguiente fragmento:','II.- En Protección de Datos Personales: a) Se brindaron en el 2018 una serie de capacitaciones técnicas respecto a la protección de datos personales y de la elaboración de avisos de privacidad Página 4 de 6 a 557 servidores públicos, adelantándonos un año al programa establecido por el ITAIPBC; y b) Dado el punto anterior, a la fecha, la mayoría de las dependencias de la administración publica estatal ya cuenta con sus avisos de privacidad.'),(131,'Narrativo','leyenda_llorona.pdf','no_inferencia_parafrasis',1,15,'2025-05-23 21:25:35.702920','\" Tal es en pocas palabras la genuina tradición popular que durante más de tres centurias quedó grabada en la memoria de los habitantes de la ciudad de México y que ha ido borrándose a medida que la sencillez de nuestras costumbres y el candor de la mujer mexicana han ido perdiéndose.','¿A qué se refiere el siguiente fragmento?:','Tal es en pocas palabras la genuina tradición popular que durante más de tres centurias quedó grabada en la memoria de los habitantes de la ciudad de México y que ha ido borrándose a medida que la sencillez de nuestras costumbres y el candor de la mujer mexicana han ido perdiéndose.'),(132,'Expositivo','discurso_martin_luther_king.pdf','no_inferencia_sinsentido',0,15,'2025-05-26 10:27:53.485800','No habrá ni descanso ni tranquilidad en América hasta que al Negro se le garantice sus derechos de ciudadanía. Los remolinos de la rebelión continuarán a sacudir las bases de nuestra nación hasta que surja el esplendoroso día de la justicia. Pero hay algo que yo debo decir a mi gente, los cuales están parados en el umbral gastado que conduce al palacio de la justicia.','Escribe lo que entendiste del siguiente fragmento:','No sé'),(133,'Narrativo','don_quijote_de_la_mancha.pdf','no_inferencia_sinsentido',0,15,'2025-05-26 10:30:17.602594','Miróle el ventero, y no le pareció tan bueno como don Quijote decía,\nni aun la mitad; y, acomodándole en la caballeriza, volvió a ver lo que su huésped mandaba, al cual\nestaban desarmando las doncellas, que ya se habían reconciliado con él; las cuales, aunque le\nhabían quitado el peto y el espaldar, jamás supieron ni pudieron desencajarle la gola, ni quitalle la\ncontrahecha celada, que traía atada con unas cintas verdes, y era menester cortarlas, por no poderse\nquitar los ñudos; mas él no lo quiso consentir en ninguna manera y, así, se quedó toda aquella\nnoche con la celada puesta, que era la más graciosa y estraña figura que se pudiera pensar; y al\ndesarmarle, como él se imaginaba que aquellas traídas y llevadas que le desarmaban eran algunas\nprincipales señoras y damas de aquel castillo, les dijo con mucho donaire:\n-«Nunca fuera caballero de\ndamas tan bien servido\ncomo fuera don Quijote\ncuando de su aldea vino:\ndoncellas curaban dél;\nprincesas, del su rocino»,\no Rocinante, que este es el nombre, señoras mías, de mi caballo, y don Quijote de la\nMancha el mío; que, puesto que no quisiera descubrirme fasta que las fazañas fechas en vuestro\nservicio y pro me descubrieran, la fuerza de acomodar al propósito presente este romance viejo de\nLanzarote ha sido causa que sepáis mi nombre antes de toda sazón; pero tiempo vendrá en que las\nvuestras señorías me manden y yo obedezca, y el valor de mi brazo descubra el deseo que tengo de\nserviros.','¿A qué se refiere el siguiente fragmento?:','\" \"'),(134,'Descriptivo','los_bosques.pdf','no_inferencia_sinsentido',0,15,'2025-05-26 10:56:16.726782','La mayor parte de las zonas forestales más extensas y la mayoría de los árboles en las granjas y los espacios arbolados de las ciudades son de propiedad privada. Los propietarios privados desempeñan un papel fundamental en el control, la protección y la preservación general de los bosques de Iowa. Aunque los bosques públicos están muy por debajo de los bosques privados en cuanto a superficie, no son de ninguna manera menos esenciales.','¿A qué se refiere el siguiente fragmento?:','No sé'),(135,'Descriptivo','una_palabra_tuya.pdf','no_inferencia_sinsentido',0,43,'2025-06-06 08:08:00.447066','Su tío Cosme, el titular del taxi, creía que sí que lo tenía. Yo le decía, tía, un día te vas a buscar una bien gorda y se la vas a buscar de rebote a tu tío tam-\nbién, y ella me contestaba, pero vamos a ver, ¿tú es que te crees que toda la gente que va en coche aho-\nra mismo por Madrid tiene carné?','¿A qué se refiere el siguiente fragmento?:','Que su tía no tenía carnet para conducir'),(136,'Narrativo','leyenda_llorona.pdf',NULL,NULL,44,'2025-07-07 13:49:42.293196','\"La Llorona - cuenta D. José María Roa Bárcena -, era a veces una joven enamorada, que había muerto en vísperas de casarse y traía al novio la corona de rosas blancas que no llegó a ceñirse; era otras veces la viuda que veía a llorar a sus tiernos huérfanos; ya la esposa muerta en ausencia del marido a quien venía a traer el ósculo de despedida que no pudo darle en su agonía; ya la desgraciada mujer, vilmente asesinada por el celoso cónyuge, que se aparecía para lamentar su fin desgraciado y protestar su inocencia.','Escribe lo que entendiste del siguiente fragmento:',NULL);
/*!40000 ALTER TABLE `evaluacionescl_evaluacionlecturaindividual` ENABLE KEYS */;
UNLOCK TABLES;

--
-- Table structure for table `evaluacionescl_lecturaencurso`
--

DROP TABLE IF EXISTS `evaluacionescl_lecturaencurso`;
/*!40101 SET @saved_cs_client     = @@character_set_client */;
/*!50503 SET character_set_client = utf8mb4 */;
CREATE TABLE `evaluacionescl_lecturaencurso` (
  `id` bigint NOT NULL AUTO_INCREMENT,
  `tipo_texto` varchar(50) CHARACTER SET utf8mb4 COLLATE utf8mb4_unicode_ci NOT NULL,
  `titulo_lectura` varchar(200) CHARACTER SET utf8mb4 COLLATE utf8mb4_unicode_ci NOT NULL,
  `fecha_inicio` datetime(6) NOT NULL,
  `usuario_id` bigint NOT NULL,
  PRIMARY KEY (`id`),
  UNIQUE KEY `evaluacionescl_lecturaen_usuario_id_tipo_texto_f9581ff1_uniq` (`usuario_id`,`tipo_texto`),
  CONSTRAINT `evaluacionescl_lectu_usuario_id_a19a2ea4_fk_evaluacio` FOREIGN KEY (`usuario_id`) REFERENCES `evaluacionescl_registrousuarios` (`id`)
) ENGINE=InnoDB AUTO_INCREMENT=11 DEFAULT CHARSET=utf8mb4 COLLATE=utf8mb4_unicode_ci;
/*!40101 SET character_set_client = @saved_cs_client */;

--
-- Dumping data for table `evaluacionescl_lecturaencurso`
--

LOCK TABLES `evaluacionescl_lecturaencurso` WRITE;
/*!40000 ALTER TABLE `evaluacionescl_lecturaencurso` DISABLE KEYS */;
INSERT INTO `evaluacionescl_lecturaencurso` VALUES (10,'Narrativo','leyenda_llorona.pdf','2025-07-07 13:37:24.701314',44);
/*!40000 ALTER TABLE `evaluacionescl_lecturaencurso` ENABLE KEYS */;
UNLOCK TABLES;

--
-- Table structure for table `evaluacionescl_registroadmin`
--

DROP TABLE IF EXISTS `evaluacionescl_registroadmin`;
/*!40101 SET @saved_cs_client     = @@character_set_client */;
/*!50503 SET character_set_client = utf8mb4 */;
CREATE TABLE `evaluacionescl_registroadmin` (
  `id` bigint NOT NULL AUTO_INCREMENT,
  `nombre` varchar(100) CHARACTER SET utf8mb4 COLLATE utf8mb4_unicode_ci NOT NULL,
  `apellido` varchar(100) CHARACTER SET utf8mb4 COLLATE utf8mb4_unicode_ci NOT NULL,
  `matricula` varchar(20) CHARACTER SET utf8mb4 COLLATE utf8mb4_unicode_ci NOT NULL,
  `contrasena` varchar(200) CHARACTER SET utf8mb4 COLLATE utf8mb4_unicode_ci NOT NULL,
  PRIMARY KEY (`id`),
  UNIQUE KEY `matricula` (`matricula`)
) ENGINE=InnoDB AUTO_INCREMENT=2 DEFAULT CHARSET=utf8mb4 COLLATE=utf8mb4_unicode_ci;
/*!40101 SET character_set_client = @saved_cs_client */;

--
-- Dumping data for table `evaluacionescl_registroadmin`
--

LOCK TABLES `evaluacionescl_registroadmin` WRITE;
/*!40000 ALTER TABLE `evaluacionescl_registroadmin` DISABLE KEYS */;
INSERT INTO `evaluacionescl_registroadmin` VALUES (1,'Dennys Miroslava','Melgares Olazarán','1830373','pbkdf2_sha256$600000$i3qi91wGtRonhBQbokUonr$UWpQFD0oDsqyQg0QSh1Ybh1wt9z5UpHUk0c2ClpsubU=');
/*!40000 ALTER TABLE `evaluacionescl_registroadmin` ENABLE KEYS */;
UNLOCK TABLES;

--
-- Table structure for table `evaluacionescl_registrousuarios`
--

DROP TABLE IF EXISTS `evaluacionescl_registrousuarios`;
/*!40101 SET @saved_cs_client     = @@character_set_client */;
/*!50503 SET character_set_client = utf8mb4 */;
CREATE TABLE `evaluacionescl_registrousuarios` (
  `id` bigint NOT NULL AUTO_INCREMENT,
  `nombre` varchar(100) CHARACTER SET utf8mb4 COLLATE utf8mb4_unicode_ci NOT NULL,
  `apellido` varchar(100) CHARACTER SET utf8mb4 COLLATE utf8mb4_unicode_ci NOT NULL,
  `edad` int NOT NULL,
  `matricula` varchar(20) CHARACTER SET utf8mb4 COLLATE utf8mb4_unicode_ci NOT NULL,
  `cuatrimestre` varchar(10) CHARACTER SET utf8mb4 COLLATE utf8mb4_unicode_ci NOT NULL,
  `contrasena` varchar(200) CHARACTER SET utf8mb4 COLLATE utf8mb4_unicode_ci NOT NULL,
  PRIMARY KEY (`id`),
  UNIQUE KEY `matricula` (`matricula`)
) ENGINE=InnoDB AUTO_INCREMENT=45 DEFAULT CHARSET=utf8mb4 COLLATE=utf8mb4_unicode_ci;
/*!40101 SET character_set_client = @saved_cs_client */;

--
-- Dumping data for table `evaluacionescl_registrousuarios`
--

LOCK TABLES `evaluacionescl_registrousuarios` WRITE;
/*!40000 ALTER TABLE `evaluacionescl_registrousuarios` DISABLE KEYS */;
INSERT INTO `evaluacionescl_registrousuarios` VALUES (1,'Jared de Jesus','Olazaran Lopez',18,'2430022','2','pbkdf2_sha256$600000$qs85cHOZQZwav0Edxi5ip4$jiMaLzL8ZxtzidcwhRZZyWLOHvheMcGzvGulp9H5Ra8='),(2,'Carlos Adrian','Vargas Saldierna',20,'2410005','2do','pbkdf2_sha256$600000$eKz019kkbHbAivCD8WjzPz$nSF8njN2RwesUZy2J+2CrOpg0M7+3qf+A3aTe+Bi7tI='),(3,'Arturo','Rosales V',18,'2430152','2','pbkdf2_sha256$600000$vLR8364HuVGGDacTVOY1EZ$IW4sAcYFja+KvEByY+frY0araHZOTar4JwX62+dF3bE='),(4,'Clemente Ramón','Zapata Lerma',18,'2430015','2','pbkdf2_sha256$600000$F3b3TSX1e574zdbEYdHCnA$1bkwGoAR2GfX//YSj+skEtvnKK1YEeMnJ/gQjbzCtDI='),(5,'Efrain Abdiel','Villanueva Balboa',18,'2430252','2','pbkdf2_sha256$600000$rYOBVGv4t7ylG8SZKPc13h$7Ce2VtpUv+HCOJfo5VzK77WQ84AFN4fCbmsciZ/AbrY='),(6,'MAURICIO','RODRÍGUEZ MANZUR',18,'2430535','2','pbkdf2_sha256$600000$0tiH4qsb9iyrPrnA4zdlaS$B6BR3xfH/spOPoyOWLGME5OomHdpi0lgRTlbSpAtKds='),(7,'Eliezer','Mores Oyervides',18,'2430037','2','pbkdf2_sha256$600000$yglwDJfQyNPBl1X6hvY2KS$K9T5cW+PqZc2A/RCINBx2SQtfwh9hE+5ZDNZWM8Qk54='),(8,'Carlos Guillermo','Moncada Ortiz',18,'2430039','2','pbkdf2_sha256$600000$4opM43gXyDpjta3kkvU4mZ$RoJwzU1q7L0vhZeLYW0LwDHONi0wOlRRYcokgbqwt5I='),(9,'Josué','Soriano Franco',18,'2430510','2','pbkdf2_sha256$600000$otda8cfb6dS8V2dCBUgalB$FjtBnOZ8jpBlQoe/+VGmfCobClEl6aNKo8nMcGFL5rs='),(11,'Walter Leonardo','Loera Gómez',18,'2430602','Segundo','pbkdf2_sha256$600000$Q1OroX96uENStsUqVTDa83$7+S4bxilusbZ9JlKmo0JyVLbXyw2n3qAUdZduaiMFcg='),(12,'Danny Alejandro','Garcia',22,'2439011','2','pbkdf2_sha256$600000$rxkoVbsCbW3Cln1AlyjyFF$4bTRDDg/CQ+jMAQMpUgtkGByVGsCSoUl8bDWgDgmgPE='),(13,'Jorge Eduardo','Monita Rodríguez',25,'1830289','5','pbkdf2_sha256$600000$DY1CgPXpPWRWho6gPAmmzc$ij8HAuo5oEuzcbytuhdM4Xov/dswVVaADVV7oOR44s8='),(14,'Luis Antonio','González Castro',24,'1830201','10','pbkdf2_sha256$600000$1LI3tKbtwMVXsCkfT7j79b$/WDjZvcJ5tPdckQVxLGG2O2oc9kE8utwue2ffctiHXg='),(15,'Dennys Miroslava','Melgares Olazarán',24,'1830374','10','pbkdf2_sha256$600000$SwPW3EjtvtpX1qrugQ45ry$LGejmWcCDBXwLQZBhvwq+gw65qGCh33PGgLYi30kAtM='),(16,'César Ricardo','Berrones Zapata',21,'2130217','8','pbkdf2_sha256$600000$BKIOVVYZTEMkTx7LcmnDq4$nztE/e4XtbZDVkW6A7nbjEFn5qdaZC+tWd42nyBsl2s='),(17,'Cinthia','Grimaldo',20,'2230282','9','pbkdf2_sha256$600000$6hQ6yKJEgwzvqxNlcgpjEV$uxLKwi9maeEJ1LfLB1xmdVj7kiWv3mah4jMA0NbwTU8='),(18,'Joshua Nathaniel','Arrazola Elizondo',20,'2230023','9','pbkdf2_sha256$600000$OjH56lmlHBiLdztrHQ2rNP$x34JJ8D6O+b7neSNb7sGo8sjErQAPsdTLcXHmbz+ae8='),(19,'Ricardo Emmanuel','Uriegas Ibarra',20,'2230122','9','pbkdf2_sha256$600000$bTAuLNCfJ6sMh4e9bJy6xL$EO+ClJXHLzGUyKYXgNLuibfPbYDPMmlbOKI+K7RNtPA='),(20,'Christian Alejandro','Saldaña Calderón',24,'1830040','6','pbkdf2_sha256$600000$QWFLPAqVlbGowuU31yjd5Z$mTor7BUdjnMtBSP27Y3TuacpjsWcKBXC/pYi0zDOXsw='),(21,'Luis Alejandro','Medina Cavazos',20,'2230040','9','pbkdf2_sha256$600000$c8gPBV7f1dKWSItnMOeaed$X4Y6uYJX91RJxoqAm1VFs/P2/PECm4S+ZE8dLx8tYew='),(22,'Juan Ricardo','Soriano Roel',20,'2230043','9','pbkdf2_sha256$600000$sgwNtOdVerMTjq3IgAB3j5$VLSkAIHq9FChggpEREbyzw/Vup0GGedI6vpY9uvm+Gc='),(23,'Juan Daniel','Guerrero Guerrero',20,'2230055','9','pbkdf2_sha256$600000$ImZtqJNxHjd8MHJxJVR20Q$GQ2bwTSbwgJJAncDaIO3InsX5QmIRoDWJNqa8BeDTUk='),(24,'Rodrigo','Santamaria',20,'2230404','9','pbkdf2_sha256$600000$r5JD3ZBwIzxMWdbUkY3gen$UqjtHVfRvOg+zsMxzBn2D3vqm1krb/BFIy+SkRmrYxU='),(25,'Dani','Zamudio Jimenez',20,'2230422','9','pbkdf2_sha256$600000$a2eSHdNKBFiuYRlcyT5Mc8$fj94B0RVvJEWC4nS6bg5vcIeHTLADQmBvkWQgHJid9s='),(26,'Dael','Tovar',21,'2130246','9','pbkdf2_sha256$600000$3he6ecJnRn6Sg34E6SPJNf$/gs6UzMXZ3QLyKMnD3ZNgg/kGhvmwlwzizuifZqcvFA='),(27,'Ximena Abigail','Moreno Ledesma',21,'2130293','9','pbkdf2_sha256$600000$kJemrEXjB6LHggrqX5XimR$8tOlw3rhVpW1hnhrfSFiAApY8C6WNL6JnklVfe8XTxg='),(28,'Juan Daniel','Alonzo Lopez',22,'2030398','9','pbkdf2_sha256$600000$AKe09grx2Ynxw4scTbJBkr$9En5/MBwSwmkTChXZqieZ5e5YG/0vJ4FJSc5cNFKwg0='),(29,'Carmen Rubi','Gonzalez Reyes',20,'2230194','9','pbkdf2_sha256$600000$eUKNSJ9M0iIzrSsHlxTg6L$ARBjgxucAjsYJS0qeOZXvZSvusoEpCZR5wkOny/8s3Q='),(30,'Osiel Alejandro','Olivo De León',21,'2230412','9','pbkdf2_sha256$600000$Hc4U1KdA8A08KpLWvsQSxm$LT4KxGwgsOm/JkTLGYGzHryIq3qzaBgDfLGzv1XiPW4='),(31,'Elías','Hernández Rodríguez',20,'2230200','9','pbkdf2_sha256$600000$XgANtZoss7qq7bYMpSue78$xlFhNdDbspdwv3FKa4sb47MEGc60bkg5aZw+vsnt868='),(32,'Jesus Angel','Nuñez Marquez',20,'2230224','9','pbkdf2_sha256$600000$ykg0lccKYVs45Xoo7qK7Wh$pFS1fD/p5gPw8zfo4e0ALDcAsOP+lFIyPdzkc27/zlQ='),(33,'Israel Antonio','Guijarro',20,'2230082','9','pbkdf2_sha256$600000$H3XpzVgvvLonVL2UyZ6lG3$0FlzrKufXZmLeZwkN8JobsStNfw6WD4nUBspE6pkfTo='),(34,'Luis Bryan','Cabriales Galván',20,'2230249','9','pbkdf2_sha256$600000$dmXFZw2N8YoRYWsrX7SMtq$Be+Wb9gJ+4l1vbp05o3ScM+as7lPcbXjCckLO1eJde8='),(35,'Antonio Salomón','Maldonado Valdez',20,'2230015','9','pbkdf2_sha256$600000$0XPE5bdJqCQ4qfBorwLpLN$nhyguBAHIhU17lZb6heUwX6pF3QgHoFMFg3bjr4couQ='),(36,'Julissa Vianey','Guerrero Salazar',20,'2230163','9','pbkdf2_sha256$600000$s5fzMytjcCo3KcLgYE7N5R$Lpn3BeGBmigPfM1uM5+MwSG+SjKMx3JgRV9+GimPKMc='),(37,'César','Martínez',20,'2230037','9','pbkdf2_sha256$600000$h2J6uLvgvH0Eui8puxrOnL$+zOM2sshLyoXpVULHvDJ88jHTWglWH7tqT0Q7aWal8s='),(38,'Vanessa Nataly','Manzano Estrada',21,'2130191','9','pbkdf2_sha256$600000$1f6UkvAMnkNQoxW74VAxC7$rq5FDo14rwfF76DcwctI8UL7H0apIwFq3N2IVDH9Q4g='),(39,'Alan Emanuel','Morales Salazar',20,'2230233','9','pbkdf2_sha256$600000$Hx8rjizhqXrBeRNPHWGez6$FMNUXt9NLjPJ/ieyc5JomClmKbVDaivg8YGykFXA76s='),(40,'Alex Emil','Resendiz Garcia',21,'2130419','9','pbkdf2_sha256$600000$fVS24RcIQwCXhJXAovppys$u3Gt3RHM4BZFXJffBgqxVjqFx1w2BuwSppldazTbPwA='),(41,'Jesús Antonio','Barbosa Rodríguez',21,'2130262','9','pbkdf2_sha256$600000$so6G0vY0xLZoPEu5VGvNx1$CVadLGP6pYxnXffHNoDgtVbnCIgZUAvAURtKIUj9paY='),(42,'Yaretzi Nicol','Rubio Márquez',19,'2330082','3','pbkdf2_sha256$600000$rIDRI2sJNO47YoLsNFiC48$8U25Js/kGgeiwUOTGQtTzzgoY3+6vvw/9JE5WQBQ+Js='),(43,'Carlos','Méndez',20,'2330109','Sexto','pbkdf2_sha256$600000$DRZUvuY3XaxQF7Gk53PSJ1$QfjUx3n3gf0ZCgk1bDCkDSmWjQDn2H0WcQAS6CoqedE='),(44,'Brayan Uriel','Maldonado Sánchez',20,'2330297','3','pbkdf2_sha256$600000$N95lWb4KLc6RRFjxDJGVze$kVKLQRXMGPKhT1uPL72C3oTQyzlifVCXeytjdqUA11w=');
/*!40000 ALTER TABLE `evaluacionescl_registrousuarios` ENABLE KEYS */;
UNLOCK TABLES;

--
-- Table structure for table `evaluacionescl_vistaadmin`
--

DROP TABLE IF EXISTS `evaluacionescl_vistaadmin`;
/*!40101 SET @saved_cs_client     = @@character_set_client */;
/*!50503 SET character_set_client = utf8mb4 */;
CREATE TABLE `evaluacionescl_vistaadmin` (
  `id` bigint NOT NULL AUTO_INCREMENT,
  `usuarios_total` int NOT NULL,
  `tipo_texto` varchar(100) CHARACTER SET utf8mb4 COLLATE utf8mb4_unicode_ci NOT NULL,
  `textos_total` int NOT NULL,
  `puntaje_total` double NOT NULL,
  `nivel_comprension_global` varchar(50) CHARACTER SET utf8mb4 COLLATE utf8mb4_unicode_ci NOT NULL,
  PRIMARY KEY (`id`)
) ENGINE=InnoDB DEFAULT CHARSET=utf8mb4 COLLATE=utf8mb4_unicode_ci;
/*!40101 SET character_set_client = @saved_cs_client */;

--
-- Dumping data for table `evaluacionescl_vistaadmin`
--

LOCK TABLES `evaluacionescl_vistaadmin` WRITE;
/*!40000 ALTER TABLE `evaluacionescl_vistaadmin` DISABLE KEYS */;
/*!40000 ALTER TABLE `evaluacionescl_vistaadmin` ENABLE KEYS */;
UNLOCK TABLES;
/*!40103 SET TIME_ZONE=@OLD_TIME_ZONE */;

/*!40101 SET SQL_MODE=@OLD_SQL_MODE */;
/*!40014 SET FOREIGN_KEY_CHECKS=@OLD_FOREIGN_KEY_CHECKS */;
/*!40014 SET UNIQUE_CHECKS=@OLD_UNIQUE_CHECKS */;
/*!40101 SET CHARACTER_SET_CLIENT=@OLD_CHARACTER_SET_CLIENT */;
/*!40101 SET CHARACTER_SET_RESULTS=@OLD_CHARACTER_SET_RESULTS */;
/*!40101 SET COLLATION_CONNECTION=@OLD_COLLATION_CONNECTION */;
/*!40111 SET SQL_NOTES=@OLD_SQL_NOTES */;

-- Dump completed on 2025-07-18 14:31:29
